city,province,query_name,province_en,latitude,longitude,timezone,enabled,resolved_name,admin1,admin2,last_resolved_at
五家渠市,新疆维吾尔自治区,Wujiaqu,Xinjiang (XPCC),44.16279,87.52174,Asia/Urumqi,1,Wujiaqu,Xinjiang,Changji Hui Autonomous Prefecture,2026-04-09 21:30:41
北屯市,新疆维吾尔自治区,Beitun,Xinjiang (XPCC),47.35249,87.82053,Asia/Urumqi,1,Beitun,Xinjiang,Aletai Diqu,2026-04-09 21:30:36
双河市,新疆维吾尔自治区,Shuanghe,Xinjiang (XPCC),,,Asia/Shanghai,0,,,,2026-04-10 09:43:29
可克达拉市,新疆维吾尔自治区,Kokdala,Xinjiang (XPCC),,,Asia/Shanghai,0,,,,2026-04-10 09:43:31
图木舒克市,新疆维吾尔自治区,Tumxuk,Xinjiang (XPCC),41.36861,79.96278,Asia/Urumqi,1,Tumxuk,Xinjiang,Aksu Prefecture,2026-04-09 21:30:37
昆玉市,新疆维吾尔自治区,Kunyu,Xinjiang (XPCC),37.60896,75.57233,Asia/Urumqi,1,Kunyuzi,Xinjiang,Kashgar Prefecture,2026-04-09 21:39:35
石河子市,新疆维吾尔自治区,Shihezi,Xinjiang (XPCC),44.3023,86.03694,Asia/Urumqi,1,Shihezi,Xinjiang,Shihezi,2026-04-09 21:30:37
铁门关市,新疆维吾尔自治区,Tiemenguan,Xinjiang (XPCC),41.85839,86.21414,Asia/Urumqi,1,Tiemenguan,Xinjiang,Bayingolin Mongol Autonomous Prefecture,2026-04-09 21:30:38
阿拉尔市,新疆维吾尔自治区,Aral,Xinjiang (XPCC),40.54184,81.26566,Asia/Urumqi,1,Aral,Xinjiang,Aksu Prefecture,2026-04-09 21:30:43
上海市,上海市,Shanghai,Shanghai,31.22222,121.45806,Asia/Shanghai,1,Shanghai,Shanghai,Shanghai Municipality,2026-04-09 21:30:38
个旧市,云南省,Gejiu,Yunnan,23.36085,103.15372,Asia/Shanghai,1,Gejiu,Yunnan,Honghe Hanizu Yizu Zizhizhou,2026-04-09 21:30:39
临沧市,云南省,Lincang,Yunnan,23.87972,100.09455,Asia/Shanghai,1,Lincang,Yunnan,Lincang Shi,2026-04-09 21:30:39
丽江市,云南省,Lijiang,Yunnan,26.86879,100.22072,Asia/Shanghai,1,Lijiang,Yunnan,Lijiang Shi,2026-04-09 21:30:39
保山市,云南省,Baoshan,Yunnan,25.11626,99.16366,Asia/Shanghai,1,Baoshan,Yunnan,Baoshan Shi,2026-04-09 21:30:39
大理市,云南省,Dali,Yunnan,25.58474,100.21229,Asia/Shanghai,1,Dali,Yunnan,Dali Bai Autonomous Prefecture,2026-04-09 21:30:39
安宁市,云南省,Anning,Yunnan,24.92271,102.48496,Asia/Shanghai,1,Anning,Yunnan,Kunming Shi,2026-04-09 21:30:40
宣威市,云南省,Xuanwei,Yunnan,26.1431,103.415,Asia/Shanghai,1,Xuanweicun,Yunnan,Qujing Shi,2026-04-09 21:39:32
开远市,云南省,Kaiyuan,Yunnan,23.69767,103.30372,Asia/Shanghai,1,Kaiyuan,Yunnan,Honghe Hanizu Yizu Zizhizhou,2026-04-09 21:30:41
弥勒市,云南省,Mile,Yunnan,26.1705,104.258,Asia/Shanghai,1,Mile,Yunnan,Honghe Hanizu Yizu Zizhizhou,2026-04-09 21:30:41
文山市,云南省,Wenshan,Yunnan,24.3232,102.211,Asia/Shanghai,1,Wenshan,Yunnan,Yuxi Shi,2026-04-09 21:30:43
昆明市,云南省,Kunming,Yunnan,25.03889,102.71833,Asia/Shanghai,1,Kunming,Yunnan,Kunming Shi,2026-04-09 21:30:41
昭通市,云南省,Zhaotong,Yunnan,27.31667,103.71667,Asia/Shanghai,1,Zhaotong,Yunnan,Zhaotong Shi,2026-04-09 21:30:43
普洱市,云南省,Pu'er,Yunnan,,,Asia/Shanghai,0,,,,2026-04-10 09:43:39
景洪市,云南省,Jinghong,Yunnan,22.00265,100.7697,Asia/Shanghai,1,Jinghong,Yunnan,Xishuangbanna Daizu Zizhizhou,2026-04-09 21:30:43
曲靖市,云南省,Qujing,Yunnan,25.48333,103.78333,Asia/Shanghai,1,Qujing,Yunnan,Qujing Shi,2026-04-09 21:30:43
楚雄市,云南省,Chuxiong,Yunnan,25.03639,101.54556,Asia/Shanghai,1,Chuxiong,Yunnan,Chuxiong Yi Autonomous Prefecture,2026-04-09 21:30:43
水富市,云南省,Shuifu,Yunnan,28.63266,104.40416,Asia/Shanghai,1,Xiangjiaba,Yunnan,Zhaotong Shi,2026-04-09 21:39:34
泸水市,云南省,Lushui,Yunnan,23.3797,101.598,Asia/Shanghai,1,Lushui,Yunnan,Pu'er City,2026-04-09 21:30:44
玉溪市,云南省,Yuxi,Yunnan,24.355,102.54222,Asia/Shanghai,1,Yuxi,Yunnan,Yuxi Shi,2026-04-09 21:30:45
瑞丽市,云南省,Ruili,Yunnan,22.1359,100.273,Asia/Shanghai,1,Ruili,Yunnan,Xishuangbanna Daizu Zizhizhou,2026-04-09 21:30:45
腾冲市,云南省,Tengchong,Yunnan,24.93933,98.48368,Asia/Shanghai,1,Tengchong Airport,Yunnan,Baoshan Shi,2026-04-09 21:39:32
芒市,云南省,Mangshi,Yunnan,24.45329,98.57037,Asia/Shanghai,1,Mang City,Yunnan,Dehong Daizu Jingpozu Zizhizhou,2026-04-09 21:30:51
蒙自市,云南省,Mengzi,Yunnan,24.9399,100.104,Asia/Shanghai,1,Mengzi,Yunnan,Lincang Shi,2026-04-09 21:30:48
香格里拉市,云南省,Shangri-La,Yunnan,27.82511,99.70779,Asia/Shanghai,1,Shangri-La,Yunnan,Deqen,2026-04-09 21:30:47
丰镇市,内蒙古自治区,Fengzhen,Inner Mongolia,40.43944,113.15361,Asia/Shanghai,1,Fengzhen,Inner Mongolia,Wulanchabu Shi,2026-04-09 21:30:50
乌兰察布市,内蒙古自治区,Ulanqab,Inner Mongolia,40.993,113.133,Asia/Shanghai,1,Ulanqab,Inner Mongolia,Wulanchabu Shi,2026-04-09 21:30:48
乌兰浩特市,内蒙古自治区,Ulanhot,Inner Mongolia,46.08333,122.08333,Asia/Shanghai,1,Ulanhot,Inner Mongolia,Hinggan Meng,2026-04-09 21:30:49
乌海市,内蒙古自治区,Wuhai,Inner Mongolia,39.68442,106.81583,Asia/Shanghai,1,Wuhai,Inner Mongolia,wuhai shi,2026-04-09 21:30:49
二连浩特市,内蒙古自治区,Erenhot,Inner Mongolia,43.6475,111.97667,Asia/Shanghai,1,Erenhot,Inner Mongolia,Xilingol League,2026-04-09 21:30:50
包头市,内蒙古自治区,Baotou,Inner Mongolia,40.6516,109.84389,Asia/Shanghai,1,Baotou,Inner Mongolia,Baotou Shi,2026-04-09 21:30:50
呼伦贝尔市,内蒙古自治区,Hulunbuir,Inner Mongolia,49.21141,119.75582,Asia/Shanghai,1,Hulun Buir,Inner Mongolia,Hulunbuir,2026-04-09 21:30:50
呼和浩特市,内蒙古自治区,Hohhot,Inner Mongolia,40.81056,111.65222,Asia/Shanghai,1,Hohhot,Inner Mongolia,Hohhot Shi,2026-04-09 21:30:52
巴彦淖尔市,内蒙古自治区,Bayannur,Inner Mongolia,40.9264,107.739,Asia/Shanghai,1,Bayannur Airport,Inner Mongolia,Bayannur Shi,2026-04-09 21:31:01
扎兰屯市,内蒙古自治区,Zhalantun,Inner Mongolia,48.00945,122.73651,Asia/Shanghai,1,Zhalantun,Inner Mongolia,Hulunbuir,2026-04-09 21:30:52
根河市,内蒙古自治区,Genhe,Inner Mongolia,50.78333,121.51667,Asia/Shanghai,1,Genhe,Inner Mongolia,Hulunbuir,2026-04-09 21:30:53
满洲里市,内蒙古自治区,Manzhouli,Inner Mongolia,49.6,117.43333,Asia/Shanghai,1,Manzhouli,Inner Mongolia,Hulunbuir,2026-04-09 21:30:52
牙克石市,内蒙古自治区,Yakeshi,Inner Mongolia,49.28333,120.73333,Asia/Shanghai,1,Yakeshi,Inner Mongolia,Hulunbuir,2026-04-09 21:30:53
赤峰市,内蒙古自治区,Chifeng,Inner Mongolia,42.26833,118.96361,Asia/Shanghai,1,Chifeng,Inner Mongolia,Chifeng Shi,2026-04-09 21:30:54
通辽市,内蒙古自治区,Tongliao,Inner Mongolia,43.6125,122.26528,Asia/Shanghai,1,Tongliao,Inner Mongolia,Tongliao Shi,2026-04-09 21:30:54
鄂尔多斯市,内蒙古自治区,Ordos,Inner Mongolia,39.6086,109.78157,Asia/Shanghai,1,Ordos,Inner Mongolia,Ordos Shi,2026-04-09 21:30:54
锡林浩特市,内蒙古自治区,Xilinhot,Inner Mongolia,43.93889,116.07021,Asia/Shanghai,1,Xiritala,Inner Mongolia,Xilingol League,2026-04-09 21:31:02
阿尔山市,内蒙古自治区,Arxan,Inner Mongolia,44.9,118.1,Asia/Shanghai,1,Arxan Bulag,Inner Mongolia,Xilingol League,2026-04-09 21:31:02
霍林郭勒市,内蒙古自治区,Holingol,Inner Mongolia,,,Asia/Shanghai,0,,,,2026-04-10 09:43:32
额尔古纳市,内蒙古自治区,Ergun,Inner Mongolia,50.22362,120.17092,Asia/Shanghai,1,Ergun,Inner Mongolia,Hulunbuir,2026-04-09 21:30:55
北京市,北京市,Beijing,Beijing,39.9075,116.39723,Asia/Shanghai,1,Beijing,Beijing,Beijing,2026-04-09 21:30:55
临江市,吉林省,Linjiang,Jilin,41.80694,126.90778,Asia/Shanghai,1,Linjiang,Jilin,baishan shi,2026-04-09 21:30:56
公主岭市,吉林省,Gongzhuling,Jilin,43.50075,124.81979,Asia/Shanghai,1,Gongzhuling,Jilin,Siping Shi,2026-04-09 21:30:56
双辽市,吉林省,Shuangliao,Jilin,43.51067,123.50069,Asia/Shanghai,1,Shuangliao,Jilin,Siping Shi,2026-04-09 21:30:57
吉林市,吉林省,Jilin,Jilin,43.84652,126.5608,Asia/Shanghai,1,Jilin City,Jilin,Jilin City,2026-04-09 21:31:02
和龙市,吉林省,Helong,Jilin,42.53974,128.99722,Asia/Shanghai,1,Helong,Jilin,Yanbian Korean Autonomous Prefecture,2026-04-09 21:31:00
四平市,吉林省,Siping,Jilin,43.16143,124.37785,Asia/Shanghai,1,Siping,Jilin,Siping Shi,2026-04-09 21:30:58
图们市,吉林省,Tumen,Jilin,42.96562,129.842,Asia/Shanghai,1,Tumen,Jilin,,2026-04-09 21:31:01
大安市,吉林省,Da'an,Jilin,,,Asia/Shanghai,0,,,,2026-04-10 09:43:40
延吉市,吉林省,Yanji,Jilin,42.88825,129.50241,Asia/Shanghai,1,Yanji,Jilin,Yanbian Korean Autonomous Prefecture,2026-04-09 21:31:04
德惠市,吉林省,Dehui,Jilin,44.53333,125.7,Asia/Shanghai,1,Dehui,Jilin,Changchun Shi,2026-04-09 21:31:02
扶余市,吉林省,Fuyu,Jilin,45.18333,124.81667,Asia/Shanghai,1,Fuyu,Jilin,Songyuan Shi,2026-04-09 21:31:03
敦化市,吉林省,Dunhua,Jilin,43.36954,128.2286,Asia/Shanghai,1,Dunhua,Jilin,Yanbian Korean Autonomous Prefecture,2026-04-09 21:31:03
松原市,吉林省,Songyuan,Jilin,45.12902,124.82769,Asia/Shanghai,1,Songyuan,Jilin,Songyuan Shi,2026-04-09 21:31:05
桦甸市,吉林省,Huadian,Jilin,42.96333,126.74778,Asia/Shanghai,1,Huadian,Jilin,Jilin City,2026-04-09 21:31:04
梅河口市,吉林省,Meihekou,Jilin,42.52869,125.67876,Asia/Shanghai,1,Meihekou,Jilin,Tonghua Shi,2026-04-09 21:31:04
榆树市,吉林省,Yushu,Jilin,44.82751,126.54063,Asia/Shanghai,1,Yushu,Jilin,Changchun Shi,2026-04-09 21:31:04
洮南市,吉林省,Taonan,Jilin,45.33319,122.78464,Asia/Shanghai,1,Taonan,Jilin,Baicheng Shi,2026-04-09 21:31:06
珲春市,吉林省,Hunchun,Jilin,42.8675,130.35806,Asia/Shanghai,1,Hunchun,Jilin,Yanbian Korean Autonomous Prefecture,2026-04-09 21:31:06
白城市,吉林省,Baicheng,Jilin,45.61751,122.83302,Asia/Shanghai,1,Baicheng,Jilin,Baicheng Shi,2026-04-09 21:31:05
白山市,吉林省,Baishan,Jilin,41.93853,126.41965,Asia/Shanghai,1,Baishan,Jilin,baishan shi,2026-04-09 21:31:06
磐石市,吉林省,Panshi,Jilin,42.93719,126.05743,Asia/Shanghai,1,Panshi,Jilin,Jilin City,2026-04-09 21:31:06
舒兰市,吉林省,Shulan,Jilin,44.41134,126.94827,Asia/Shanghai,1,Shulan,Jilin,Jilin City,2026-04-09 21:31:07
蛟河市,吉林省,Jiaohe,Jilin,43.72133,127.33473,Asia/Shanghai,1,Jiaohe,Jilin,Jilin City,2026-04-09 21:31:06
辽源市,吉林省,Liaoyuan,Jilin,,,Asia/Shanghai,0,,,,2026-04-10 09:43:32
通化市,吉林省,Tonghua,Jilin,41.71972,125.92639,Asia/Shanghai,1,Tonghua,Jilin,Tonghua Shi,2026-04-09 21:31:08
长春市,吉林省,Changchun,Jilin,43.88,125.32278,Asia/Shanghai,1,Changchun,Jilin,Changchun Shi,2026-04-09 21:31:07
集安市,吉林省,Ji'an,Jilin,41.12818,126.19455,Asia/Shanghai,1,Ji’an,Jilin,Tonghua Shi,2026-04-09 21:31:11
龙井市,吉林省,Longjing,Jilin,42.77131,129.42307,Asia/Shanghai,1,Longjing,Jilin,Yanbian Korean Autonomous Prefecture,2026-04-09 21:31:09
万源市,四川省,Wanyuan,Sichuan,32.4188,105.863,Asia/Shanghai,1,Wanyuan,Sichuan,Guangyuan Shi,2026-04-09 21:31:09
乐山市,四川省,Leshan,Sichuan,29.56227,103.76386,Asia/Shanghai,1,Leshan,Sichuan,Leshan Shi,2026-04-09 21:31:08
什邡市,四川省,Shifang,Sichuan,,,Asia/Shanghai,0,,,,2026-04-10 09:43:54
内江市,四川省,Neijiang,Sichuan,29.58354,105.06216,Asia/Shanghai,1,Neijiang,Sichuan,Neijiang Shi,2026-04-09 21:31:09
华蓥市,四川省,Huaying,Sichuan,30.13449,106.74476,Asia/Shanghai,1,Huaying,Sichuan,Guang’an Shi,2026-04-09 21:31:10
南充市,四川省,Nanchong,Sichuan,30.79508,106.08473,Asia/Shanghai,1,Nanchong,Sichuan,Nanchong Shi,2026-04-09 21:31:10
宜宾市,四川省,Yibin,Sichuan,28.7593,104.63994,Asia/Shanghai,1,Yibin,Sichuan,Yibin Shi,2026-04-09 21:31:11
峨眉山市,四川省,Emeishan,Sichuan,29.60188,103.48425,Asia/Shanghai,1,Emeishan City,Sichuan,Leshan Shi,2026-04-09 21:31:16
崇州市,四川省,Chongzhou,Sichuan,30.63029,103.67263,Asia/Shanghai,1,Chongzhou,Sichuan,Chengdu Shi,2026-04-09 21:31:11
巴中市,四川省,Bazhong,Sichuan,31.8694,106.74432,Asia/Shanghai,1,Bazhong,Sichuan,Bazhong,2026-04-09 21:31:12
广元市,四川省,Guangyuan,Sichuan,32.44201,105.823,Asia/Shanghai,1,Guangyuan,Sichuan,Guangyuan Shi,2026-04-09 21:31:13
广安市,四川省,Guang'an,Sichuan,,,Asia/Shanghai,0,,,,2026-04-10 09:44:00
广汉市,四川省,Guanghan,Sichuan,30.94866,104.32952,Asia/Shanghai,1,Guanghan Airport,Sichuan,Deyang Shi,2026-04-09 21:39:46
康定市,四川省,Kangding,Sichuan,30.00222,101.9569,Asia/Shanghai,1,Kangding,Sichuan,Garzê,2026-04-09 21:31:13
彭州市,四川省,Pengzhou,Sichuan,,,Asia/Shanghai,0,,,,2026-04-10 09:43:57
德阳市,四川省,Deyang,Sichuan,31.13019,104.38198,Asia/Shanghai,1,Deyang,Sichuan,Deyang Shi,2026-04-09 21:31:15
成都市,四川省,Chengdu,Sichuan,30.66667,104.06667,Asia/Shanghai,1,Chengdu,Sichuan,Chengdu Shi,2026-04-09 21:31:15
攀枝花市,四川省,Panzhihua,Sichuan,26.58509,101.71276,Asia/Shanghai,1,Panzhihua,Sichuan,Panzhihua Shi,2026-04-09 21:31:17
江油市,四川省,Jiangyou,Sichuan,31.76667,104.71667,Asia/Shanghai,1,Jiangyou,Sichuan,Mianyang Shi,2026-04-09 21:31:16
泸州市,四川省,Luzhou,Sichuan,28.8903,105.42575,Asia/Shanghai,1,Luzhou,Sichuan,Luzhou Shi,2026-04-09 21:31:42
眉山市,四川省,Meishan,Sichuan,30.04392,103.83696,Asia/Shanghai,1,Meishan,Sichuan,Meishan Shi,2026-04-09 21:31:18
简阳市,四川省,Jianyang,Sichuan,,,Asia/Shanghai,0,,,,2026-04-10 09:43:59
绵竹市,四川省,Mianzhu,Sichuan,29.62306,103.69359,Asia/Shanghai,1,Mianzhu,Sichuan,Leshan Shi,2026-04-09 21:31:44
绵阳市,四川省,Mianyang,Sichuan,31.46784,104.68168,Asia/Shanghai,1,Mianyang,Sichuan,Mianyang Shi,2026-04-09 21:31:44
自贡市,四川省,Zigong,Sichuan,29.34162,104.77689,Asia/Shanghai,1,Zigong,Sichuan,Zigong Shi,2026-04-09 21:31:46
西昌市,四川省,Xichang,Sichuan,27.89642,102.26341,Asia/Shanghai,1,Xichang,Sichuan,Liangshan Yi Autonomous Prefecture,2026-04-09 21:31:47
资阳市,四川省,Ziyang,Sichuan,30.12108,104.64811,Asia/Shanghai,1,Ziyang,Sichuan,Ziyang Shi,2026-04-09 21:31:46
达州市,四川省,Dazhou,Sichuan,31.2106,107.46308,Asia/Shanghai,1,Dazhou,Sichuan,Dazhou Shi,2026-04-09 21:31:46
遂宁市,四川省,Suining,Sichuan,30.50802,105.57332,Asia/Shanghai,1,Suining,Sichuan,suining,2026-04-09 21:31:49
邛崃市,四川省,Qionglai,Sichuan,31.5,102.5,Asia/Shanghai,1,Qionglai Shan,Sichuan,,2026-04-09 21:31:55
都江堰市,四川省,Dujiangyan,Sichuan,30.98843,103.64639,Asia/Shanghai,1,Dujiangyan,Sichuan,Chengdu Shi,2026-04-09 21:31:48
阆中市,四川省,Langzhong,Sichuan,31.55037,105.99381,Asia/Shanghai,1,Langzhong,Sichuan,Nanchong Shi,2026-04-09 21:31:48
隆昌市,四川省,Longchang,Sichuan,,,Asia/Shanghai,0,,,,2026-04-10 09:44:01
雅安市,四川省,Ya'an,Sichuan,29.98521,102.999,Asia/Shanghai,1,Ya'an,Sichuan,Ya'an,2026-04-09 21:31:50
马尔康市,四川省,Barkam,Sichuan,31.90059,102.22092,Asia/Shanghai,1,Maerkang,Sichuan,Aba Zangzu Qiangzu Zizhizhou,2026-04-09 21:31:58
天津市,天津市,Tianjin,Tianjin,39.14222,117.17667,Asia/Shanghai,1,Tianjin,Tianjin,Tianjin Municipality,2026-04-09 21:31:50
中卫市,宁夏回族自治区,Zhongwei,Ningxia,37.51129,105.19067,Asia/Shanghai,1,Zhongwei,Ningxia,Zhongwei,2026-04-09 21:31:51
吴忠市,宁夏回族自治区,Wuzhong,Ningxia,37.9867,106.201,Asia/Shanghai,1,Wuzhong,Ningxia,Wuzhong Shi,2026-04-09 21:31:53
固原市,宁夏回族自治区,Guyuan,Ningxia,36.00667,106.28083,Asia/Shanghai,1,Guyuan,Ningxia,Guyuan Shi,2026-04-09 21:31:52
灵武市,宁夏回族自治区,Lingwu,Ningxia,38.10191,106.34017,Asia/Shanghai,1,Lingwu,Ningxia,Wuzhong Shi,2026-04-09 21:31:55
石嘴山市,宁夏回族自治区,Shizuishan,Ningxia,38.98082,106.3892,Asia/Shanghai,1,Shizuishan,Ningxia,Shizuishan Shi,2026-04-09 21:31:54
银川市,宁夏回族自治区,Yinchuan,Ningxia,38.46806,106.27306,Asia/Shanghai,1,Yinchuan,Ningxia,Yinchuan,2026-04-09 21:31:55
青铜峡市,宁夏回族自治区,Qingtongxia,Ningxia,37.89667,106.01,Asia/Shanghai,1,Qingtongxia,Ningxia,Wuzhong Shi,2026-04-09 21:31:56
亳州市,安徽省,Bozhou,Anhui,33.87722,115.77028,Asia/Shanghai,1,Bozhou,Anhui,Bozhou,2026-04-09 21:31:56
六安市,安徽省,Lu'an,Anhui,31.73561,116.51688,Asia/Shanghai,1,Lu'an,Anhui,Lu'an City,2026-04-09 21:31:58
合肥市,安徽省,Hefei,Anhui,31.86389,117.28083,Asia/Shanghai,1,Hefei,Anhui,Hefei Shi,2026-04-09 21:31:57
天长市,安徽省,Tianchang,Anhui,32.68497,119.00932,Asia/Shanghai,1,Tianchang,Anhui,Chuzhou Shi,2026-04-09 21:31:57
宁国市,安徽省,Ningguo,Anhui,30.63492,118.98421,Asia/Shanghai,1,Ningguo,Anhui,xuancheng shi,2026-04-09 21:32:00
安庆市,安徽省,Anqing,Anhui,30.51365,117.04723,Asia/Shanghai,1,Anqing,Anhui,Anqing Shi,2026-04-09 21:31:58
宣城市,安徽省,Xuancheng,Anhui,30.9525,118.75528,Asia/Shanghai,1,Xuanzhou,Anhui,xuancheng shi,2026-04-09 21:32:06
宿州市,安徽省,Suzhou,Anhui,33.63611,116.97889,Asia/Shanghai,1,Suzhou,Anhui,Suzhou Shi,2026-04-09 21:31:59
巢湖市,安徽省,Chaohu,Anhui,31.6,117.86667,Asia/Shanghai,1,Chaohu,Anhui,Hefei Shi,2026-04-09 21:31:59
明光市,安徽省,Mingguang,Anhui,32.78017,117.96378,Asia/Shanghai,1,Mingguang,Anhui,Chuzhou Shi,2026-04-09 21:32:00
桐城市,安徽省,Tongcheng,Anhui,31.03911,116.97367,Asia/Shanghai,1,Tongcheng,Anhui,Anqing Shi,2026-04-09 21:32:00
池州市,安徽省,Chizhou,Anhui,30.66134,117.47783,Asia/Shanghai,1,Chizhou,Anhui,Chizhou Shi,2026-04-09 21:32:01
淮北市,安徽省,Huaibei,Anhui,33.97444,116.79167,Asia/Shanghai,1,Huaibei,Anhui,Huaibei Shi,2026-04-09 21:32:01
淮南市,安徽省,Huainan,Anhui,32.62639,116.99694,Asia/Shanghai,1,Huainan,Anhui,Huainan Shi,2026-04-09 21:32:02
滁州市,安徽省,Chuzhou,Anhui,32.32194,118.29778,Asia/Shanghai,1,Chuzhou,Anhui,Chuzhou Shi,2026-04-09 21:32:04
潜山市,安徽省,Qianshan,Anhui,,,Asia/Shanghai,0,,,,2026-04-10 09:44:04
界首市,安徽省,Jieshou,Anhui,33.26338,115.36108,Asia/Shanghai,1,Jieshou,Anhui,Fuyang Shi,2026-04-09 21:32:03
芜湖市,安徽省,Wuhu,Anhui,31.35259,118.42947,Asia/Shanghai,1,Wuhu,Anhui,Wuhu Shi,2026-04-09 21:32:03
蚌埠市,安徽省,Bengbu,Anhui,32.94083,117.36083,Asia/Shanghai,1,Bengbu,Anhui,Bengbu Shi,2026-04-09 21:32:03
铜陵市,安徽省,Tongling,Anhui,30.95,117.78333,Asia/Shanghai,1,Tongling,Anhui,Tongling Shi,2026-04-09 21:32:05
阜阳市,安徽省,Fuyang,Anhui,32.9,115.81667,Asia/Shanghai,1,Fuyang,Anhui,Fuyang Shi,2026-04-09 21:32:07
马鞍山市,安徽省,Ma'anshan,Anhui,,,Asia/Shanghai,0,,,,2026-04-10 09:44:22
黄山市,安徽省,Huangshan,Anhui,33.775,116.96667,Asia/Shanghai,1,Huangshan,Anhui,Suzhou Shi,2026-04-09 21:32:05
东营市,山东省,Dongying,Shandong,37.46271,118.49165,Asia/Shanghai,1,Dongying,Shandong,Dongying Shi,2026-04-09 21:32:07
临沂市,山东省,Linyi,Shandong,35.06306,118.34278,Asia/Shanghai,1,Linyi,Shandong,Linyi Shi,2026-04-09 21:32:07
临清市,山东省,Linqing,Shandong,36.84092,115.71087,Asia/Shanghai,1,Linqing,Shandong,Liaocheng Shi,2026-04-09 21:32:08
乐陵市,山东省,Leling,Shandong,37.73472,117.22028,Asia/Shanghai,1,Leling,Shandong,Dezhou Shi,2026-04-09 21:32:11
乳山市,山东省,Rushan,Shandong,36.86537,121.5072,Asia/Shanghai,1,Rushankou,Shandong,Weihai Shi,2026-04-09 21:39:51
威海市,山东省,Weihai,Shandong,37.50914,122.11356,Asia/Shanghai,1,Weihai,Shandong,Weihai Shi,2026-04-09 21:32:09
安丘市,山东省,Anqiu,Shandong,36.43417,119.1925,Asia/Shanghai,1,Anqiu,Shandong,Weifang Shi,2026-04-09 21:32:10
寿光市,山东省,Shouguang,Shandong,36.88,118.7375,Asia/Shanghai,1,Shouguang,Shandong,Weifang Shi,2026-04-09 21:32:10
平度市,山东省,Pingdu,Shandong,36.78444,119.94639,Asia/Shanghai,1,Pingdu,Shandong,Qingdao Shi,2026-04-09 21:32:11
德州市,山东省,Dezhou,Shandong,37.44661,116.36706,Asia/Shanghai,1,Dezhou,Shandong,Dezhou Shi,2026-04-09 21:32:12
招远市,山东省,Zhaoyuan,Shandong,37.36497,120.40997,Asia/Shanghai,1,Zhaoyuan,Shandong,Yantai Shi,2026-04-09 21:32:12
新泰市,山东省,Xintai,Shandong,35.90056,117.75194,Asia/Shanghai,1,Xintai,Shandong,Tai’an Shi,2026-04-09 21:32:13
日照市,山东省,Rizhao,Shandong,35.41414,119.52908,Asia/Shanghai,1,Rizhao,Shandong,Rizhao Shi,2026-04-09 21:32:13
昌邑市,山东省,Changyi,Shandong,36.85361,119.39083,Asia/Shanghai,1,Changyi,Shandong,Weifang Shi,2026-04-09 21:32:14
曲阜市,山东省,Qufu,Shandong,35.59667,116.99111,Asia/Shanghai,1,Qufu,Shandong,Jining Shi,2026-04-09 21:32:17
枣庄市,山东省,Zaozhuang,Shandong,34.86472,117.55417,Asia/Shanghai,1,Zaozhuang,Shandong,Zaozhuang Shi,2026-04-09 21:32:14
栖霞市,山东省,Qixia,Shandong,,,Asia/Shanghai,0,,,,2026-04-10 09:44:22
泰安市,山东省,Tai'an,Shandong,,,Asia/Shanghai,0,,,,2026-04-10 09:44:27
济南市,山东省,Jinan,Shandong,36.66833,116.99722,Asia/Shanghai,1,Jinan,Shandong,Jinan Shi,2026-04-09 21:32:16
济宁市,山东省,Jining,Shandong,35.405,116.58139,Asia/Shanghai,1,Jining,Shandong,Jining Shi,2026-04-09 21:32:16
海阳市,山东省,Haiyang,Shandong,,,Asia/Shanghai,0,,,,2026-04-10 09:44:23
淄博市,山东省,Zibo,Shandong,36.79056,118.06333,Asia/Shanghai,1,Zibo,Shandong,Zibo Shi,2026-04-09 21:32:18
滕州市,山东省,Tengzhou,Shandong,35.08357,117.19071,Asia/Shanghai,1,Tengzhou,Shandong,Zaozhuang Shi,2026-04-09 21:32:18
滨州市,山东省,Binzhou,Shandong,37.36667,118.01667,Asia/Shanghai,1,Binzhou,Shandong,Binzhou Shi,2026-04-09 21:32:18
潍坊市,山东省,Weifang,Shandong,36.71,119.10194,Asia/Shanghai,1,Weifang,Shandong,Weifang Shi,2026-04-09 21:32:19
烟台市,山东省,Yantai,Shandong,37.47649,121.44081,Asia/Shanghai,1,Yantai,Shandong,Yantai Shi,2026-04-09 21:32:19
禹城市,山东省,Yucheng,Shandong,34.92889,116.46528,Asia/Shanghai,1,Yucheng,Shandong,Jining Shi,2026-04-09 21:32:21
聊城市,山东省,Liaocheng,Shandong,36.45064,116.00247,Asia/Shanghai,1,Liaocheng,Shandong,Liaocheng Shi,2026-04-09 21:32:21
肥城市,山东省,Feicheng,Shandong,35.26056,117.9675,Asia/Shanghai,1,Feicheng,Shandong,Linyi Shi,2026-04-09 21:32:21
胶州市,山东省,Jiaozhou,Shandong,36.28389,120.00333,Asia/Shanghai,1,Jiaozhou,Shandong,Qingdao Shi,2026-04-09 21:32:22
荣成市,山东省,Rongcheng,Shandong,37.1566,122.43762,Asia/Shanghai,1,Yatou,Shandong,Weihai Shi,2026-04-09 21:32:28
莱州市,山东省,Laizhou,Shandong,37.18073,119.94217,Asia/Shanghai,1,Laizhou,Shandong,Yantai Shi,2026-04-09 21:32:23
莱西市,山东省,Laixi,Shandong,36.85917,120.52694,Asia/Shanghai,1,Laixi,Shandong,Qingdao Shi,2026-04-09 21:32:23
莱阳市,山东省,Laiyang,Shandong,36.97583,120.71361,Asia/Shanghai,1,Laiyang,Shandong,Yantai Shi,2026-04-09 21:32:25
菏泽市,山东省,Heze,Shandong,35.23929,115.47358,Asia/Shanghai,1,Heze,Shandong,Heze Shi,2026-04-09 21:32:23
蓬莱市,山东省,Penglai,Shandong,,,Asia/Shanghai,0,,,,2026-04-10 09:44:24
诸城市,山东省,Zhucheng,Shandong,35.99472,119.3975,Asia/Shanghai,1,Zhucheng,Shandong,Weifang Shi,2026-04-09 21:32:25
邹城市,山东省,Zoucheng,Shandong,35.40056,116.96556,Asia/Shanghai,1,Zoucheng,Shandong,Jining Shi,2026-04-09 21:32:26
邹平市,山东省,Zouping,Shandong,36.88333,117.7,Asia/Shanghai,1,Zouping,Shandong,Binzhou Shi,2026-04-09 21:32:26
青岛市,山东省,Qingdao,Shandong,36.06488,120.38042,Asia/Shanghai,1,Qingdao,Shandong,Qingdao Shi,2026-04-09 21:32:30
青州市,山东省,Qingzhou,Shandong,36.69667,118.47972,Asia/Shanghai,1,Qingzhou,Shandong,Weifang Shi,2026-04-09 21:32:29
高密市,山东省,Gaomi,Shandong,36.38333,119.75278,Asia/Shanghai,1,Gaomi,Shandong,Weifang Shi,2026-04-09 21:32:28
龙口市,山东省,Longkou,Shandong,37.65181,120.33063,Asia/Shanghai,1,Longkou,Shandong,Yantai Shi,2026-04-09 21:32:28
临汾市,山西省,Linfen,Shanxi,36.08889,111.51889,Asia/Shanghai,1,Linfen,Shanxi,Linfen Shi,2026-04-09 21:32:31
介休市,山西省,Jiexiu,Shanxi,37.02444,111.9125,Asia/Shanghai,1,Jiexiu,Shanxi,Jinzhong Shi,2026-04-09 21:32:30
侯马市,山西省,Houma,Shanxi,35.61358,111.3566,Asia/Shanghai,1,Xintian,Shanxi,Linfen Shi,2026-04-09 21:39:56
原平市,山西省,Yuanping,Shanxi,38.71528,112.7575,Asia/Shanghai,1,Yuanping,Shanxi,Xinzhou Shi,2026-04-09 21:32:30
古交市,山西省,Gujiao,Shanxi,37.905,112.13389,Asia/Shanghai,1,Gujiao,Shanxi,Taiyuan Shi,2026-04-09 21:32:32
吕梁市,山西省,Lüliang,Shanxi,,,Asia/Shanghai,0,,,,2026-04-10 09:44:28
大同市,山西省,Datong,Shanxi,40.09361,113.29139,Asia/Shanghai,1,Datong,Shanxi,Datong Shi,2026-04-09 21:32:33
太原市,山西省,Taiyuan,Shanxi,37.86944,112.56028,Asia/Shanghai,1,Taiyuan,Shanxi,Taiyuan Shi,2026-04-09 21:32:32
孝义市,山西省,Xiaoyi,Shanxi,37.12278,111.80222,Asia/Shanghai,1,Xiaoyi,Shanxi,Lüliang,2026-04-09 21:32:33
忻州市,山西省,Xinzhou,Shanxi,38.40917,112.73333,Asia/Shanghai,1,Xinzhou,Shanxi,Xinzhou Shi,2026-04-09 21:32:34
怀仁市,山西省,Huairen,Shanxi,37.65,112.66667,Asia/Shanghai,1,Huairen,Shanxi,Jinzhong Shi,2026-04-09 21:32:34
晋中市,山西省,Jinzhong,Shanxi,37.68403,112.75471,Asia/Shanghai,1,Jinzhong,Shanxi,Jinzhong Shi,2026-04-09 21:32:35
晋城市,山西省,Jincheng,Shanxi,35.50222,112.83278,Asia/Shanghai,1,Jincheng,Shanxi,Jincheng Shi,2026-04-09 21:32:37
朔州市,山西省,Shuozhou,Shanxi,39.31583,112.4225,Asia/Shanghai,1,Shuozhou,Shanxi,Shuozhou Shi,2026-04-09 21:32:36
永济市,山西省,Yongji,Shanxi,34.86611,110.44028,Asia/Shanghai,1,Yongji,Shanxi,Yuncheng Shi,2026-04-09 21:32:37
汾阳市,山西省,Fenyang,Shanxi,37.26472,111.7775,Asia/Shanghai,1,Fenyang,Shanxi,Lüliang,2026-04-09 21:32:36
河津市,山西省,Hejin,Shanxi,35.58,110.69972,Asia/Shanghai,1,Hejin,Shanxi,Yuncheng Shi,2026-04-09 21:32:40
运城市,山西省,Yuncheng,Shanxi,35.02306,110.99278,Asia/Shanghai,1,Yuncheng,Shanxi,Yuncheng Shi,2026-04-09 21:32:38
长治市,山西省,Changzhi,Shanxi,36.18389,113.10528,Asia/Shanghai,1,Changzhi,Shanxi,Changzhi Shi,2026-04-09 21:32:38
阳泉市,山西省,Yangquan,Shanxi,37.8575,113.56333,Asia/Shanghai,1,Yangquan,Shanxi,Yangquan Shi,2026-04-09 21:32:40
霍州市,山西省,Huozhou,Shanxi,36.57556,111.71861,Asia/Shanghai,1,Huozhou,Shanxi,Linfen Shi,2026-04-09 21:32:39
高平市,山西省,Gaoping,Shanxi,35.79333,112.91722,Asia/Shanghai,1,Gaoping,Shanxi,Jincheng Shi,2026-04-09 21:32:39
东莞市,广东省,Dongguan,Guangdong,23.01797,113.74866,Asia/Shanghai,1,Dongguan,Guangdong,Dongguan Shi,2026-04-09 21:32:40
中山市,广东省,Zhongshan,Guangdong,22.52306,113.37912,Asia/Shanghai,1,Zhongshan,Guangdong,Zhongshan City,2026-04-09 21:32:40
乐昌市,广东省,Lechang,Guangdong,,,Asia/Shanghai,0,,,,2026-04-10 09:44:50
云浮市,广东省,Yunfu,Guangdong,22.92787,112.03809,Asia/Shanghai,1,Yunfu,Guangdong,Yunfu Shi,2026-04-09 21:32:43
佛山市,广东省,Foshan,Guangdong,23.02677,113.13148,Asia/Shanghai,1,Foshan,Guangdong,Foshan Shi,2026-04-09 21:32:42
信宜市,广东省,Xinyi,Guangdong,22.37303,110.94746,Asia/Shanghai,1,Xinyi,Guangdong,Maoming Shi,2026-04-09 21:32:42
兴宁市,广东省,Xingning,Guangdong,24.1483,115.72272,Asia/Shanghai,1,Xingning,Guangdong,Meizhou Shi,2026-04-09 21:32:43
化州市,广东省,Huazhou,Guangdong,21.63333,110.58333,Asia/Shanghai,1,Huazhou,Guangdong,Maoming Shi,2026-04-09 21:32:42
南雄市,广东省,Nanxiong,Guangdong,,,Asia/Shanghai,0,,,,2026-04-10 09:44:52
台山市,广东省,Taishan,Guangdong,22.25135,112.7799,Asia/Shanghai,1,Taishan,Guangdong,Jiangmen Shi,2026-04-09 21:39:55
吴川市,广东省,Wuchuan,Guangdong,21.45713,110.76591,Asia/Shanghai,1,Wuchuan,Guangdong,,2026-04-09 21:32:44
四会市,广东省,Sihui,Guangdong,23.36798,112.68572,Asia/Shanghai,1,Sihui,Guangdong,Zhaoqing Shi,2026-04-09 21:32:45
广州市,广东省,Guangzhou,Guangdong,23.11667,113.25,Asia/Shanghai,1,Guangzhou,Guangdong,Guangzhou Shi,2026-04-09 21:32:46
廉江市,广东省,Lianjiang,Guangdong,21.64673,110.28172,Asia/Shanghai,1,Lianjiang,Guangdong,Zhanjiang Shi,2026-04-09 21:32:46
开平市,广东省,Kaiping,Guangdong,,,Asia/Shanghai,0,,,,2026-04-10 09:44:53
恩平市,广东省,Enping,Guangdong,,,Asia/Shanghai,0,,,,2026-04-10 09:44:54
惠州市,广东省,Huizhou,Guangdong,23.11147,114.41523,Asia/Shanghai,1,Huizhou,Guangdong,Huizhou Shi,2026-04-09 21:32:48
揭阳市,广东省,Jieyang,Guangdong,23.5418,116.36581,Asia/Shanghai,1,Jieyang,Guangdong,Jieyang Shi,2026-04-09 21:32:52
普宁市,广东省,Puning,Guangdong,23.31072,116.16869,Asia/Shanghai,1,Puning,Guangdong,Jieyang Shi,2026-04-09 21:32:54
梅州市,广东省,Meizhou,Guangdong,24.28859,116.11768,Asia/Shanghai,1,Meizhou,Guangdong,Meizhou Shi,2026-04-09 21:32:56
汕头市,广东省,Shantou,Guangdong,23.35489,116.67876,Asia/Shanghai,1,Shantou,Guangdong,Shantou Shi,2026-04-09 21:32:55
汕尾市,广东省,Shanwei,Guangdong,22.78199,115.3475,Asia/Shanghai,1,Shanwei,Guangdong,Shanwei Shi,2026-04-09 21:32:56
江门市,广东省,Jiangmen,Guangdong,22.58333,113.08333,Asia/Shanghai,1,Wong Mun,Guangdong,Jiangmen Shi,2026-04-09 21:33:05
河源市,广东省,Heyuan,Guangdong,23.73333,114.68333,Asia/Shanghai,1,Heyuan,Guangdong,Heyuan Shi,2026-04-09 21:32:57
深圳市,广东省,Shenzhen,Guangdong,22.54554,114.0683,Asia/Shanghai,1,Shenzhen,Guangdong,Shenzhen,2026-04-09 21:32:57
清远市,广东省,Qingyuan,Guangdong,23.7,113.03333,Asia/Shanghai,1,Qingyuan,Guangdong,qingyuan shi,2026-04-09 21:32:59
湛江市,广东省,Zhanjiang,Guangdong,21.23391,110.38749,Asia/Shanghai,1,Zhanjiang,Guangdong,Zhanjiang Shi,2026-04-09 21:33:00
潮州市,广东省,Chaozhou,Guangdong,23.65396,116.62262,Asia/Shanghai,1,Chaozhou,Guangdong,Chaozhou Shi,2026-04-09 21:32:59
珠海市,广东省,Zhuhai,Guangdong,22.27694,113.56778,Asia/Shanghai,1,Zhuhai,Guangdong,Zhuhai Shi,2026-04-09 21:32:59
罗定市,广东省,Luoding,Guangdong,22.71109,111.60139,Asia/Shanghai,1,Luoding,Guangdong,Yunfu Shi,2026-04-09 21:32:59
肇庆市,广东省,Zhaoqing,Guangdong,23.04893,112.46091,Asia/Shanghai,1,Shiu Hing,Guangdong,Zhaoqing Shi,2026-04-09 21:33:06
英德市,广东省,Yingde,Guangdong,24.36528,113.34657,Asia/Shanghai,1,Yingdeliu Tiekuanggongcun,Guangdong,qingyuan shi,2026-04-09 21:40:03
茂名市,广东省,Maoming,Guangdong,21.66625,110.91364,Asia/Shanghai,1,Maoming,Guangdong,Maoming Shi,2026-04-09 21:37:55
连州市,广东省,Lianzhou,Guangdong,24.78186,112.3712,Asia/Shanghai,1,Lianzhou,Guangdong,qingyuan shi,2026-04-09 21:33:01
阳春市,广东省,Yangchun,Guangdong,22.16667,111.78333,Asia/Shanghai,1,Yangchun,Guangdong,Yangjiang Shi,2026-04-09 21:33:03
阳江市,广东省,Yangjiang,Guangdong,21.85563,111.96272,Asia/Shanghai,1,Yangjiang,Guangdong,Yangjiang Shi,2026-04-09 21:33:04
陆丰市,广东省,Lufeng,Guangdong,22.94593,115.64204,Asia/Shanghai,1,Donghai,Guangdong,Shanwei Shi,2026-04-09 21:40:05
雷州市,广东省,Leizhou,Guangdong,20.91932,110.07885,Asia/Shanghai,1,Leizhou,Guangdong,Zhanjiang Shi,2026-04-09 21:33:06
韶关市,广东省,Shaoguan,Guangdong,24.8,113.58333,Asia/Shanghai,1,Shaoguan,Guangdong,Shaoguan Shi,2026-04-09 21:33:07
高州市,广东省,Gaozhou,Guangdong,21.91965,110.85678,Asia/Shanghai,1,Gaozhou,Guangdong,Maoming Shi,2026-04-09 21:33:15
鹤山市,广东省,Heshan,Guangdong,21.96518,112.128,Asia/Shanghai,1,Heshan,Guangdong,Yangjiang Shi,2026-04-09 21:33:08
东兴市,广西壮族自治区,Dongxing,Guangxi,21.55,107.96667,Asia/Shanghai,1,Dongxing,Guangxi,,2026-04-09 21:33:11
凭祥市,广西壮族自治区,Pingxiang,Guangxi,22.09694,106.75667,Asia/Shanghai,1,Pingxiang,Guangxi,Chongzuo Shi,2026-04-09 21:33:10
北流市,广西壮族自治区,Beiliu,Guangxi,22.70722,110.34917,Asia/Shanghai,1,Beiliu,Guangxi,Yulin Shi,2026-04-09 21:33:13
北海市,广西壮族自治区,Beihai,Guangxi,21.48349,109.11549,Asia/Shanghai,1,Beihai,Guangxi,Beihai Shi,2026-04-09 21:33:14
南宁市,广西壮族自治区,Nanning,Guangxi,22.81667,108.31667,Asia/Shanghai,1,Nanning,Guangxi,Nanning Shi,2026-04-09 21:33:13
合山市,广西壮族自治区,Heshan,Guangxi,23.81301,108.88812,Asia/Shanghai,1,Heshan,Guangxi,,2026-04-09 21:33:15
岑溪市,广西壮族自治区,Cenxi,Guangxi,22.92336,110.9842,Asia/Shanghai,1,Cenxi,Guangxi,Wuzhou Shi,2026-04-09 21:33:19
崇左市,广西壮族自治区,Chongzuo,Guangxi,22.38161,107.3683,Asia/Shanghai,1,Chongzuo,Guangxi,Chongzuo Shi,2026-04-09 21:33:15
来宾市,广西壮族自治区,Laibin,Guangxi,23.74743,109.22222,Asia/Shanghai,1,Laibin,Guangxi,Laibin Shi,2026-04-09 21:33:15
柳州市,广西壮族自治区,Liuzhou,Guangxi,24.32405,109.40698,Asia/Shanghai,1,Liuzhou,Guangxi,Liuzhou Shi,2026-04-09 21:33:16
桂平市,广西壮族自治区,Guiping,Guangxi,23.39483,110.07434,Asia/Shanghai,1,Guiping,Guangxi,Guigang Shi,2026-04-09 21:33:17
桂林市,广西壮族自治区,Guilin,Guangxi,25.28022,110.29639,Asia/Shanghai,1,Guilin,Guangxi,Guilin Shi,2026-04-09 21:33:17
梧州市,广西壮族自治区,Wuzhou,Guangxi,23.48054,111.28848,Asia/Shanghai,1,Wuzhou,Guangxi,Wuzhou Shi,2026-04-09 21:33:17
河池市,广西壮族自治区,Hechi,Guangxi,24.69285,108.08376,Asia/Shanghai,1,Hechi,Guangxi,Hechi Shi,2026-04-09 21:33:19
玉林市,广西壮族自治区,Yulin,Guangxi,22.6305,110.14686,Asia/Shanghai,1,Yulin,Guangxi,Yulin Shi,2026-04-09 21:33:17
百色市,广西壮族自治区,Baise,Guangxi,23.89013,106.62684,Asia/Shanghai,1,Baise City,Guangxi,Baise Shi,2026-04-09 21:33:25
荔浦市,广西壮族自治区,Lipu,Guangxi,24.49866,110.39285,Asia/Shanghai,1,Lipu,Guangxi,Guilin Shi,2026-04-09 21:33:19
贵港市,广西壮族自治区,Guigang,Guangxi,23.11603,109.59472,Asia/Shanghai,1,Guigang,Guangxi,Guigang Shi,2026-04-09 21:33:19
贺州市,广西壮族自治区,Hezhou,Guangxi,24.40357,111.56675,Asia/Shanghai,1,Hezhou,Guangxi,Hezhou Shi,2026-04-09 21:33:19
钦州市,广西壮族自治区,Qinzhou,Guangxi,21.98247,108.65061,Asia/Shanghai,1,Qinzhou,Guangxi,Qinzhou Shi,2026-04-09 21:33:20
防城港市,广西壮族自治区,Fangchenggang,Guangxi,21.76945,108.35661,Asia/Shanghai,1,Fangchenggang,Guangxi,Fangchenggang Shi,2026-04-09 21:33:21
靖西市,广西壮族自治区,Jingxi,Guangxi,23.13711,106.41316,Asia/Shanghai,1,Jingxi,Guangxi,Baise Shi,2026-04-09 21:33:20
乌苏市,新疆维吾尔自治区,Wusu,Xinjiang,44.43105,84.67623,Asia/Urumqi,1,Wusu,Xinjiang,Tacheng Diqu,2026-04-09 21:33:21
乌鲁木齐市,新疆维吾尔自治区,Ürümqi,Xinjiang,43.80096,87.60046,Asia/Urumqi,1,Ürümqi,Xinjiang,Urumqi Shi,2026-04-09 21:33:21
伊宁市,新疆维吾尔自治区,Yining,Xinjiang,43.97799,81.51804,Asia/Urumqi,1,Yining,Xinjiang,Ili Kazakh Autonomous Prefecture,2026-04-09 21:33:22
克拉玛依市,新疆维吾尔自治区,Karamay,Xinjiang,45.58473,84.88724,Asia/Urumqi,1,Karamay,Xinjiang,Kelamayi Shi,2026-04-09 21:33:22
博乐市,新疆维吾尔自治区,Bole,Xinjiang,44.89334,82.06993,Asia/Shanghai,1,Bole,Xinjiang,Bortala,2026-04-09 21:33:23
吐鲁番市,新疆维吾尔自治区,Turpan,Xinjiang,42.94769,89.17886,Asia/Urumqi,1,Turpan,Xinjiang,Tulufan,2026-04-09 21:33:24
和田市,新疆维吾尔自治区,Hotan,Xinjiang,37.10927,79.93433,Asia/Urumqi,1,Hotan,Xinjiang,Hetian,2026-04-09 21:33:26
哈密市,新疆维吾尔自治区,Hami,Xinjiang,42.83393,93.50601,Asia/Urumqi,1,Kumul,Xinjiang,Hami,2026-04-09 21:33:38
喀什市,新疆维吾尔自治区,Kashgar,Xinjiang,39.46718,75.98675,Asia/Urumqi,1,Kashgar,Xinjiang,Kashgar Prefecture,2026-04-09 21:33:24
塔城市,新疆维吾尔自治区,Tacheng,Xinjiang,46.74535,82.95847,Asia/Urumqi,1,Tacheng,Xinjiang,Tacheng Diqu,2026-04-09 21:33:25
奎屯市,新疆维吾尔自治区,Kuytun,Xinjiang,,,Asia/Shanghai,0,,,,2026-04-10 09:44:55
库尔勒市,新疆维吾尔自治区,Korla,Xinjiang,41.76055,86.15231,Asia/Urumqi,1,Korla,Xinjiang,Bayingolin Mongol Autonomous Prefecture,2026-04-09 21:33:26
昌吉市,新疆维吾尔自治区,Changji,Xinjiang,44.00782,87.30461,Asia/Urumqi,1,Changji,Xinjiang,Changji Hui Autonomous Prefecture,2026-04-09 21:33:27
阜康市,新疆维吾尔自治区,Fukang,Xinjiang,44.15568,87.98301,Asia/Urumqi,1,Bofeng,Xinjiang,Changji Hui Autonomous Prefecture,2026-04-09 21:40:04
阿克苏市,新疆维吾尔自治区,Aksu,Xinjiang,41.18418,80.27921,Asia/Urumqi,1,Aksu,Xinjiang,Aksu Prefecture,2026-04-09 21:33:28
阿勒泰市,新疆维吾尔自治区,Altay,Xinjiang,47.8505,88.13286,Asia/Urumqi,1,Altay,Xinjiang,Aletai Diqu,2026-04-09 21:33:28
阿图什市,新疆维吾尔自治区,Artux,Xinjiang,,,Asia/Shanghai,0,,,,2026-04-10 09:45:03
阿拉山口市,新疆维吾尔自治区,Alashankou,Xinjiang,45.17018,82.56981,Asia/Shanghai,1,Alashankou,Xinjiang,Bortala,2026-04-09 21:33:29
霍尔果斯市,新疆维吾尔自治区,Khorgas,Xinjiang,,,Asia/Shanghai,0,,,,2026-04-10 09:45:24
东台市,江苏省,Dongtai,Jiangsu,32.85231,120.30947,Asia/Shanghai,1,Dongtai,Jiangsu,Yancheng Shi,2026-04-09 21:33:32
丹阳市,江苏省,Danyang,Jiangsu,31.62922,118.71565,Asia/Shanghai,1,Danyang,Jiangsu,,2026-04-09 21:33:33
仪征市,江苏省,Yizheng,Jiangsu,32.34854,119.10688,Asia/Shanghai,1,Yizheng Shi Tongshan Senlin Gongyuan,Jiangsu,Yangzhou Shi,2026-04-09 21:40:10
兴化市,江苏省,Xinghua,Jiangsu,32.93917,119.83417,Asia/Shanghai,1,Xinghua,Jiangsu,Taizhou Shi,2026-04-09 21:33:37
南京市,江苏省,Nanjing,Jiangsu,32.06167,118.77778,Asia/Shanghai,1,Nanjing,Jiangsu,Nanjing,2026-04-09 21:33:39
南通市,江苏省,Nantong,Jiangsu,32.03028,120.87472,Asia/Shanghai,1,Nantong,Jiangsu,Nantong Shi,2026-04-09 21:33:39
句容市,江苏省,Jurong,Jiangsu,31.94869,119.1655,Asia/Shanghai,1,Jurong,Jiangsu,Zhenjiang Shi,2026-04-09 21:33:39
启东市,江苏省,Qidong,Jiangsu,33.41667,119.21667,Asia/Shanghai,1,Qidong,Jiangsu,Huai’an Shi,2026-04-09 21:33:39
太仓市,江苏省,Taicang,Jiangsu,31.44778,121.09389,Asia/Shanghai,1,Taicang,Jiangsu,Suzhou Shi,2026-04-09 21:33:40
如皋市,江苏省,Rugao,Jiangsu,32.37035,120.57649,Asia/Shanghai,1,Rugao,Jiangsu,Nantong Shi,2026-04-09 21:33:41
宜兴市,江苏省,Yixing,Jiangsu,31.36059,119.82016,Asia/Shanghai,1,Yixing,Jiangsu,Wuxi Shi,2026-04-09 21:33:41
宿迁市,江苏省,Suqian,Jiangsu,33.94917,118.29583,Asia/Shanghai,1,Suqian,Jiangsu,Suqian Shi,2026-04-09 21:33:42
常州市,江苏省,Changzhou,Jiangsu,31.77359,119.95401,Asia/Shanghai,1,Changzhou,Jiangsu,Changzhou Shi,2026-04-09 21:33:44
常熟市,江苏省,Changshu,Jiangsu,31.64615,120.74221,Asia/Shanghai,1,Changshu,Jiangsu,Suzhou Shi,2026-04-09 21:33:43
张家港市,江苏省,Zhangjiagang,Jiangsu,31.865,120.53889,Asia/Shanghai,1,Zhangjiagang,Jiangsu,Suzhou Shi,2026-04-09 21:33:43
徐州市,江苏省,Xuzhou,Jiangsu,34.20442,117.28386,Asia/Shanghai,1,Xuzhou,Jiangsu,Xuzhou,2026-04-09 21:33:43
扬中市,江苏省,Yangzhong,Jiangsu,,,Asia/Shanghai,0,,,,2026-04-10 09:45:27
扬州市,江苏省,Yangzhou,Jiangsu,32.39722,119.43583,Asia/Shanghai,1,Yangzhou,Jiangsu,Yangzhou Shi,2026-04-09 21:33:43
新沂市,江苏省,Xinyi,Jiangsu,34.38424,118.34617,Asia/Shanghai,1,Xinyi,Jiangsu,Xuzhou,2026-04-09 21:33:44
无锡市,江苏省,Wuxi,Jiangsu,31.56887,120.28857,Asia/Shanghai,1,Wuxi,Jiangsu,Wuxi Shi,2026-04-09 21:33:45
昆山市,江苏省,Kunshan,Jiangsu,31.37762,120.95431,Asia/Shanghai,1,Kunshan,Jiangsu,Suzhou Shi,2026-04-09 21:33:45
江阴市,江苏省,Jiangyin,Jiangsu,31.91102,120.26302,Asia/Shanghai,1,Jiangyin,Jiangsu,Wuxi Shi,2026-04-09 21:33:47
泰兴市,江苏省,Taixing,Jiangsu,33.27689,120.4052,Asia/Shanghai,1,Taixing,Jiangsu,Yancheng Shi,2026-04-09 21:33:46
泰州市,江苏省,Taizhou,Jiangsu,32.49069,119.90812,Asia/Shanghai,1,Taizhou,Jiangsu,Taizhou Shi,2026-04-09 21:33:52
海安市,江苏省,Hai'an,Jiangsu,,,Asia/Shanghai,0,,,,2026-04-10 09:45:36
海门市,江苏省,Haimen,Jiangsu,31.89619,121.17274,Asia/Shanghai,1,Haimen,Jiangsu,Nantong Shi,2026-04-09 21:33:47
淮安市,江苏省,Huai'an,Jiangsu,33.58861,119.01917,Asia/Shanghai,1,Huai'an,Jiangsu,Huai’an Shi,2026-04-09 21:33:50
溧阳市,江苏省,Liyang,Jiangsu,,,Asia/Shanghai,0,,,,2026-04-10 09:45:29
盐城市,江苏省,Yancheng,Jiangsu,33.3575,120.1573,Asia/Shanghai,1,Yancheng,Jiangsu,Yancheng Shi,2026-04-09 21:33:49
苏州市,江苏省,Suzhou,Jiangsu,31.30408,120.59538,Asia/Shanghai,1,Suzhou,Jiangsu,Suzhou Shi,2026-04-09 21:33:51
连云港市,江苏省,Lianyungang,Jiangsu,34.59845,119.21556,Asia/Shanghai,1,Lianyungang,Jiangsu,Lianyungang Shi,2026-04-09 21:33:52
邳州市,江苏省,Pizhou,Jiangsu,34.31139,117.95028,Asia/Shanghai,1,Pizhou,Jiangsu,Xuzhou,2026-04-09 21:38:05
镇江市,江苏省,Zhenjiang,Jiangsu,32.21086,119.45508,Asia/Shanghai,1,Zhenjiang,Jiangsu,Zhenjiang Shi,2026-04-09 21:33:53
靖江市,江苏省,Jingjiang,Jiangsu,32.01417,120.2625,Asia/Shanghai,1,Jingjiang,Jiangsu,Taizhou Shi,2026-04-09 21:33:54
高邮市,江苏省,Gaoyou,Jiangsu,32.78933,119.44182,Asia/Shanghai,1,Gaoyou,Jiangsu,Yangzhou Shi,2026-04-09 21:33:54
上饶市,江西省,Shangrao,Jiangxi,28.45179,117.94287,Asia/Shanghai,1,Shangrao,Jiangxi,Shangrao Shi,2026-04-09 21:33:55
丰城市,江西省,Fengcheng,Jiangxi,28.19377,115.7836,Asia/Shanghai,1,Jianguang,Jiangxi,Yichun Shi,2026-04-09 21:40:14
乐平市,江西省,Leping,Jiangxi,28.96817,117.11653,Asia/Shanghai,1,Leping,Jiangxi,Jingdezhen Shi,2026-04-09 21:33:56
九江市,江西省,Jiujiang,Jiangxi,29.70475,116.00206,Asia/Shanghai,1,Jiujiang,Jiangxi,Jiujiang Shi,2026-04-09 21:33:57
井冈山市,江西省,Jinggangshan,Jiangxi,26.74622,114.28391,Asia/Shanghai,1,Jinggangshan,Jiangxi,Ji’an Shi,2026-04-09 21:33:57
共青城市,江西省,Gongqingcheng,Jiangxi,29.24915,115.80953,Asia/Shanghai,1,Gongqingcheng,Jiangxi,Jiujiang Shi,2026-04-09 21:33:58
南昌市,江西省,Nanchang,Jiangxi,28.68396,115.85306,Asia/Shanghai,1,Nanchang,Jiangxi,Nanchang Shi,2026-04-09 21:33:58
吉安市,江西省,Ji'an,Jiangxi,27.08977,114.96506,Asia/Shanghai,1,Ji'an,Jiangxi,Ji’an Shi,2026-04-09 21:33:59
宜春市,江西省,Yichun,Jiangxi,27.83333,114.4,Asia/Shanghai,1,Yichun,Jiangxi,Yichun Shi,2026-04-09 21:33:59
庐山市,江西省,Lushan,Jiangxi,29.58049,116.01904,Asia/Shanghai,1,Lu Shan,Jiangxi,,2026-04-09 21:34:04
德兴市,江西省,Dexing,Jiangxi,28.95364,117.57281,Asia/Shanghai,1,Dexing,Jiangxi,Shangrao Shi,2026-04-09 21:34:00
抚州市,江西省,Fuzhou,Jiangxi,27.95999,116.33333,Asia/Shanghai,1,Fuzhou,Jiangxi,Fuzhou Shi,2026-04-09 21:34:00
新余市,江西省,Xinyu,Jiangxi,27.80429,114.93335,Asia/Shanghai,1,Xinyu,Jiangxi,Xinyu,2026-04-09 21:34:07
景德镇市,江西省,Jingdezhen,Jiangxi,29.2947,117.20789,Asia/Shanghai,1,Jingdezhen,Jiangxi,Jingdezhen Shi,2026-04-09 21:34:02
樟树市,江西省,Zhangshu,Jiangxi,28.08333,115.51667,Asia/Shanghai,1,Zhangshu,Jiangxi,Yichun Shi,2026-04-09 21:34:04
瑞昌市,江西省,Ruichang,Jiangxi,29.66667,115.65,Asia/Shanghai,1,Ruichang,Jiangxi,Jiujiang Shi,2026-04-09 21:34:06
瑞金市,江西省,Ruijin,Jiangxi,25.8832,116.02715,Asia/Shanghai,1,Ruijin,Jiangxi,Ganzhou Shi,2026-04-09 21:34:04
萍乡市,江西省,Pingxiang,Jiangxi,27.61672,113.85353,Asia/Shanghai,1,Pingxiang,Jiangxi,Pingxiang Shi,2026-04-09 21:34:05
贵溪市,江西省,Guixi,Jiangxi,26.76026,114.30516,Asia/Shanghai,1,Guixi,Jiangxi,Ji’an Shi,2026-04-09 21:34:06
赣州市,江西省,Ganzhou,Jiangxi,25.84664,114.9326,Asia/Shanghai,1,Ganzhou,Jiangxi,Ganzhou Shi,2026-04-09 21:34:05
高安市,江西省,Gao'an,Jiangxi,28.41298,115.37668,Asia/Shanghai,1,Junyang,Jiangxi,Yichun Shi,2026-04-09 21:34:13
鹰潭市,江西省,Yingtan,Jiangxi,28.23333,117.0,Asia/Shanghai,1,Yingtan,Jiangxi,Yingtan Shi,2026-04-09 21:34:09
三河市,河北省,Sanhe,Hebei,39.98049,117.06887,Asia/Shanghai,1,Sanhe,Hebei,Langfang Shi,2026-04-09 21:34:09
任丘市,河北省,Renqiu,Hebei,38.70941,116.10086,Asia/Shanghai,1,Renqiu,Hebei,Cangzhou Shi,2026-04-09 21:34:12
保定市,河北省,Baoding,Hebei,38.87288,115.46246,Asia/Shanghai,1,Baoding,Hebei,Baoding Shi,2026-04-09 21:34:09
南宫市,河北省,Nangong,Hebei,37.35464,115.38881,Asia/Shanghai,1,Nangong,Hebei,Xingtai County,2026-04-09 21:34:09
唐山市,河北省,Tangshan,Hebei,39.64381,118.18319,Asia/Shanghai,1,Tangshan,Hebei,Tangshan Shi,2026-04-09 21:34:12
安国市,河北省,Anguo,Hebei,38.42009,115.32357,Asia/Shanghai,1,Anguo,Hebei,Baoding Shi,2026-04-09 21:34:11
定州市,河北省,Dingzhou,Hebei,38.51473,114.9868,Asia/Shanghai,1,Dingzhou,Hebei,Baoding Shi,2026-04-09 21:34:11
平泉市,河北省,Pingquan,Hebei,41.01073,118.69073,Asia/Shanghai,1,Pingquan,Hebei,Chengde Prefecture,2026-04-09 21:34:11
廊坊市,河北省,Langfang,Hebei,39.52079,116.71471,Asia/Shanghai,1,Langfang,Hebei,Langfang Shi,2026-04-09 21:34:13
张家口市,河北省,Zhangjiakou,Hebei,40.78341,114.87139,Asia/Shanghai,1,Zhangjiakou,Hebei,Zhangjiakou Shi,2026-04-09 21:34:13
承德市,河北省,Chengde,Hebei,40.9519,117.95883,Asia/Shanghai,1,Chengde,Hebei,Chengde Prefecture,2026-04-09 21:34:14
新乐市,河北省,Xinle,Hebei,38.34898,114.68531,Asia/Shanghai,1,Xinle,Hebei,Shijiazhuang Shi,2026-04-09 21:34:13
晋州市,河北省,Jinzhou,Hebei,38.02867,115.03799,Asia/Shanghai,1,Jinzhou,Hebei,Shijiazhuang Shi,2026-04-09 21:34:17
武安市,河北省,Wu'an,Hebei,,,Asia/Shanghai,0,,,,2026-04-10 09:45:36
沙河市,河北省,Shahe,Hebei,36.86078,114.50215,Asia/Shanghai,1,Shahe,Hebei,Xingtai County,2026-04-09 21:34:15
沧州市,河北省,Cangzhou,Hebei,38.31124,116.85334,Asia/Shanghai,1,Cangzhou,Hebei,Cangzhou Shi,2026-04-09 21:34:19
河间市,河北省,Hejian,Hebei,38.43918,116.09559,Asia/Shanghai,1,Hejian,Hebei,Cangzhou Shi,2026-04-09 21:34:15
泊头市,河北省,Botou,Hebei,38.07366,116.56667,Asia/Shanghai,1,Botou,Hebei,Cangzhou Shi,2026-04-09 21:34:16
涿州市,河北省,Zhuozhou,Hebei,39.48381,116.00459,Asia/Shanghai,1,Zhuozhou,Hebei,Baoding Shi,2026-04-09 21:34:17
深州市,河北省,Shenzhou,Hebei,38.00512,115.55626,Asia/Shanghai,1,Shenzhou,Hebei,Hengshui Shi,2026-04-09 21:34:17
滦州市,河北省,Luanzhou,Hebei,39.73923,118.70043,Asia/Shanghai,1,Luanzhou,Hebei,Tangshan Shi,2026-04-09 21:34:18
石家庄市,河北省,Shijiazhuang,Hebei,38.04139,114.47861,Asia/Shanghai,1,Shijiazhuang,Hebei,Shijiazhuang Shi,2026-04-09 21:34:19
秦皇岛市,河北省,Qinhuangdao,Hebei,39.94104,119.58936,Asia/Shanghai,1,Qinhuangdao,Hebei,Qinhuangdao Shi,2026-04-09 21:34:19
衡水市,河北省,Hengshui,Hebei,37.73908,115.68348,Asia/Shanghai,1,Hengshui,Hebei,Hengshui Shi,2026-04-09 21:34:19
辛集市,河北省,Xinji,Hebei,37.92595,115.21907,Asia/Shanghai,1,Xinji,Hebei,Shijiazhuang Shi,2026-04-09 21:34:20
迁安市,河北省,Qian'an,Hebei,,,Asia/Shanghai,0,,,,2026-04-10 09:45:46
遵化市,河北省,Zunhua,Hebei,40.18645,117.95898,Asia/Shanghai,1,Zunhua,Hebei,Tangshan Shi,2026-04-09 21:34:21
邢台市,河北省,Xingtai,Hebei,37.06217,114.49272,Asia/Shanghai,1,Xingtai,Hebei,Xingtai County,2026-04-09 21:34:22
邯郸市,河北省,Handan,Hebei,36.60999,114.48764,Asia/Shanghai,1,Handan,Hebei,Handan Shi,2026-04-09 21:34:21
霸州市,河北省,Bazhou,Hebei,39.11017,116.39003,Asia/Shanghai,1,Bazhou,Hebei,Langfang Shi,2026-04-09 21:34:23
高碑店市,河北省,Gaobeidian,Hebei,39.32542,115.86885,Asia/Shanghai,1,Gaobeidian,Hebei,Baoding Shi,2026-04-09 21:34:24
黄骅市,河北省,Huanghua,Hebei,38.37209,117.348,Asia/Shanghai,1,Huanghua,Hebei,,2026-04-09 21:34:23
三门峡市,河南省,Sanmenxia,Henan,34.78081,111.19287,Asia/Shanghai,1,Sanmenxia,Henan,,2026-04-09 21:34:26
义马市,河南省,Yima,Henan,34.73806,111.88389,Asia/Shanghai,1,Yima,Henan,Sanmenxia Shi,2026-04-09 21:34:23
信阳市,河南省,Xinyang,Henan,32.12278,114.06556,Asia/Shanghai,1,Xinyang,Henan,Xinxiang Shi,2026-04-09 21:34:25
偃师市,河南省,Yanshi,Henan,34.72419,112.78365,Asia/Shanghai,1,Yanshi,Henan,Luoyang Shi,2026-04-09 21:34:25
南阳市,河南省,Nanyang,Henan,32.99472,112.53278,Asia/Shanghai,1,Nanyang,Henan,Nanyang Shi,2026-04-09 21:34:25
卫辉市,河南省,Weihui,Henan,35.40747,114.0592,Asia/Shanghai,1,Weihui,Henan,Xinxiang Shi,2026-04-09 21:34:26
周口市,河南省,Zhoukou,Henan,33.63333,114.63333,Asia/Shanghai,1,Zhoukou,Henan,Zhoukou Shi,2026-04-09 21:34:28
商丘市,河南省,Shangqiu,Henan,34.45,115.65,Asia/Shanghai,1,Shangqiu,Henan,Shangqiu shi,2026-04-09 21:34:28
孟州市,河南省,Mengzhou,Henan,,,Asia/Shanghai,0,,,,2026-04-10 09:45:55
安阳市,河南省,Anyang,Henan,36.096,114.38278,Asia/Shanghai,1,Anyang,Henan,Anyang Shi,2026-04-09 21:34:28
巩义市,河南省,Gongyi,Henan,34.75534,113.01137,Asia/Shanghai,1,Gongyi,Henan,Zhengzhou,2026-04-09 21:34:28
平顶山市,河南省,Pingdingshan,Henan,33.73847,113.30119,Asia/Shanghai,1,Pingdingshan,Henan,Pingdingshan Shi,2026-04-09 21:34:29
开封市,河南省,Kaifeng,Henan,34.7986,114.30742,Asia/Shanghai,1,Kaifeng,Henan,Kaifeng Shi,2026-04-09 21:34:30
新乡市,河南省,Xinxiang,Henan,35.19033,113.80151,Asia/Shanghai,1,Xinxiang,Henan,Xinxiang Shi,2026-04-09 21:34:30
新密市,河南省,Xinmi,Henan,,,Asia/Shanghai,0,,,,2026-04-10 09:45:56
新郑市,河南省,Xinzheng,Henan,33.61921,114.01147,Asia/Shanghai,1,Xinzheng,Henan,luohe shi,2026-04-09 21:34:33
林州市,河南省,Linzhou,Henan,36.06545,113.81547,Asia/Shanghai,1,Linzhou,Henan,Anyang Shi,2026-04-09 21:34:32
永城市,河南省,Yongcheng,Henan,33.93611,116.36417,Asia/Shanghai,1,Yongcheng,Henan,Shangqiu shi,2026-04-09 21:34:34
汝州市,河南省,Ruzhou,Henan,34.16167,112.82972,Asia/Shanghai,1,Ruzhou,Henan,Pingdingshan Shi,2026-04-09 21:34:32
沁阳市,河南省,Qinyang,Henan,35.0541,113.15452,Asia/Shanghai,1,Qinyang,Henan,Jiaozuo Shi,2026-04-09 21:38:04
洛阳市,河南省,Luoyang,Henan,34.67345,112.43684,Asia/Shanghai,1,Luoyang,Henan,Luoyang Shi,2026-04-09 21:34:34
济源市,河南省,Jiyuan,Henan,35.08912,112.58815,Asia/Shanghai,1,Jiyuan,Henan,Jiyuan,2026-04-09 21:34:35
漯河市,河南省,Luohe,Henan,33.56394,114.04272,Asia/Shanghai,1,Luohe,Henan,luohe shi,2026-04-09 21:34:36
濮阳市,河南省,Puyang,Henan,35.76318,115.01721,Asia/Shanghai,1,Puyang,Henan,Puyang Shi,2026-04-09 21:34:36
灵宝市,河南省,Lingbao,Henan,34.52184,110.88508,Asia/Shanghai,1,Lingbao,Henan,Sanmenxia Shi,2026-04-09 21:34:37
焦作市,河南省,Jiaozuo,Henan,35.23972,113.23306,Asia/Shanghai,1,Jiaozuo,Henan,Jiaozuo Shi,2026-04-09 21:34:38
登封市,河南省,Dengfeng,Henan,,,Asia/Shanghai,0,,,,2026-04-10 09:45:57
禹州市,河南省,Yuzhou,Henan,,,Asia/Shanghai,0,,,,2026-04-10 09:46:07
舞钢市,河南省,Wugang,Henan,33.28763,113.5146,Asia/Shanghai,1,Wugang,Henan,Pingdingshan Shi,2026-04-09 21:34:40
荥阳市,河南省,Xingyang,Henan,,,Asia/Shanghai,0,,,,2026-04-10 09:46:04
许昌市,河南省,Xuchang,Henan,34.03189,113.86299,Asia/Shanghai,1,Xuchang,Henan,Xuchang Shi,2026-04-09 21:34:42
辉县市,河南省,Huixian,Henan,,,Asia/Shanghai,0,,,,2026-04-10 09:46:13
邓州市,河南省,Dengzhou,Henan,32.68222,112.08194,Asia/Shanghai,1,Dengzhou,Henan,Nanyang Shi,2026-04-09 21:34:44
郑州市,河南省,Zhengzhou,Henan,34.75778,113.64861,Asia/Shanghai,1,Zhengzhou,Henan,Zhengzhou,2026-04-09 21:34:44
长葛市,河南省,Changge,Henan,,,Asia/Shanghai,0,,,,2026-04-10 09:46:20
项城市,河南省,Xiangcheng,Henan,,,Asia/Shanghai,0,,,,2026-04-10 09:46:19
驻马店市,河南省,Zhumadian,Henan,32.97944,114.02944,Asia/Shanghai,1,Zhumadian,Henan,Zhumadian Shi,2026-04-09 21:34:49
鹤壁市,河南省,Hebi,Henan,35.73231,114.28616,Asia/Shanghai,1,Hebi,Henan,Hebi Shi,2026-04-09 21:34:49
东阳市,浙江省,Dongyang,Zhejiang,29.26778,120.22528,Asia/Shanghai,1,Dongyang,Zhejiang,Jinhua Shi,2026-04-09 21:34:50
临海市,浙江省,Linhai,Zhejiang,28.85535,121.1447,Asia/Shanghai,1,Linhai,Zhejiang,Taizhou Shi,2026-04-09 21:34:51
丽水市,浙江省,Lishui,Zhejiang,28.46042,119.91029,Asia/Shanghai,1,Lishui,Zhejiang,Lishui Shi,2026-04-09 21:34:50
义乌市,浙江省,Yiwu,Zhejiang,29.31506,120.07676,Asia/Shanghai,1,Yiwu,Zhejiang,Jinhua Shi,2026-04-09 21:34:54
乐清市,浙江省,Yueqing,Zhejiang,28.11941,120.96121,Asia/Shanghai,1,Yueqing,Zhejiang,Wenzhou Shi,2026-04-09 21:34:52
余姚市,浙江省,Yuyao,Zhejiang,30.05,121.14944,Asia/Shanghai,1,Yuyao,Zhejiang,Ningbo Shi,2026-04-09 21:34:52
兰溪市,浙江省,Lanxi,Zhejiang,29.21588,119.47156,Asia/Shanghai,1,Lanxi,Zhejiang,Jinhua Shi,2026-04-09 21:34:53
台州市,浙江省,Taizhou,Zhejiang,28.66266,121.43312,Asia/Shanghai,1,Taizhou,Zhejiang,Taizhou Shi,2026-04-09 21:34:53
嘉兴市,浙江省,Jiaxing,Zhejiang,30.7522,120.75,Asia/Shanghai,1,Jiaxing,Zhejiang,Jiaxing Shi,2026-04-09 21:34:56
宁波市,浙江省,Ningbo,Zhejiang,29.87819,121.54945,Asia/Shanghai,1,Ningbo,Zhejiang,Ningbo Shi,2026-04-09 21:34:55
嵊州市,浙江省,Shengzhou,Zhejiang,,,Asia/Shanghai,0,,,,2026-04-10 09:46:17
平湖市,浙江省,Pinghu,Zhejiang,30.70167,121.01111,Asia/Shanghai,1,Pinghu,Zhejiang,Jiaxing Shi,2026-04-09 21:34:55
建德市,浙江省,Jiande,Zhejiang,29.475,119.26611,Asia/Shanghai,1,Baisha,Zhejiang,Hangzhou Shi,2026-04-09 21:35:09
慈溪市,浙江省,Cixi,Zhejiang,30.1764,121.2457,Asia/Shanghai,1,Cixi,Zhejiang,Ningbo Shi,2026-04-09 21:34:56
杭州市,浙江省,Hangzhou,Zhejiang,30.29365,120.16142,Asia/Shanghai,1,Hangzhou,Zhejiang,Hangzhou Shi,2026-04-09 21:34:56
桐乡市,浙江省,Tongxiang,Zhejiang,30.63287,120.56081,Asia/Shanghai,1,Wutong,Zhejiang,Jiaxing Shi,2026-04-09 21:35:07
永康市,浙江省,Yongkang,Zhejiang,,,Asia/Shanghai,0,,,,2026-04-10 09:46:30
江山市,浙江省,Jiangshan,Zhejiang,29.77119,121.53149,Asia/Shanghai,1,Jiangshan,Zhejiang,Ningbo Shi,2026-04-09 21:35:02
海宁市,浙江省,Haining,Zhejiang,30.53629,120.68638,Asia/Shanghai,1,Haining,Zhejiang,Jiaxing Shi,2026-04-09 21:35:02
温岭市,浙江省,Wenling,Zhejiang,28.37524,121.38416,Asia/Shanghai,1,Wenling,Zhejiang,Taizhou Shi,2026-04-09 21:35:03
温州市,浙江省,Wenzhou,Zhejiang,27.99942,120.66682,Asia/Shanghai,1,Wenzhou,Zhejiang,Wenzhou Shi,2026-04-09 21:35:04
湖州市,浙江省,Huzhou,Zhejiang,30.8703,120.0933,Asia/Shanghai,1,Huzhou,Zhejiang,Huzhou Shi,2026-04-09 21:35:05
玉环市,浙江省,Yuhuan,Zhejiang,28.13304,121.22657,Asia/Shanghai,1,Yuhuan,Zhejiang,Taizhou Shi,2026-04-09 21:35:06
瑞安市,浙江省,Ruian,Zhejiang,,,Asia/Shanghai,0,,,,2026-04-10 09:46:31
绍兴市,浙江省,Shaoxing,Zhejiang,30.00237,120.57864,Asia/Shanghai,1,Shaoxing,Zhejiang,Shaoxing Shi,2026-04-09 21:35:07
舟山市,浙江省,Zhoushan,Zhejiang,29.98869,122.20488,Asia/Shanghai,1,Zhoushan,Zhejiang,Zhoushan Shi,2026-04-09 21:35:08
衢州市,浙江省,Quzhou,Zhejiang,28.95944,118.86861,Asia/Shanghai,1,Quzhou,Zhejiang,quzhou shi,2026-04-09 21:35:09
诸暨市,浙江省,Zhuji,Zhejiang,29.71877,120.24233,Asia/Shanghai,1,Zhuji,Zhejiang,Shaoxing Shi,2026-04-09 21:35:09
金华市,浙江省,Jinhua,Zhejiang,29.10678,119.64421,Asia/Shanghai,1,Jinhua,Zhejiang,Jinhua Shi,2026-04-09 21:35:10
龙泉市,浙江省,Longquan,Zhejiang,,,Asia/Shanghai,0,,,,2026-04-10 09:46:42
万宁市,海南省,Wanning,Hainan,18.79931,110.3841,Asia/Shanghai,1,Wanning,Hainan,Wanning Shi,2026-04-09 21:35:10
三亚市,海南省,Sanya,Hainan,18.25435,109.50947,Asia/Shanghai,1,Sanya,Hainan,Sanya Shi,2026-04-09 21:35:11
三沙市,海南省,Sansha,Hainan,16.83912,112.34064,Asia/Shanghai,1,Sansha,Hainan,Sansha,2026-04-09 21:35:11
东方市,海南省,Dongfang,Hainan,19.34949,109.01038,Asia/Shanghai,1,Dongfang,Hainan,Changjiang Li Autonomous County,2026-04-09 21:35:12
五指山市,海南省,Wuzhishan,Hainan,18.78229,109.5013,Asia/Shanghai,1,Wuzhishan,Hainan,Wuzhishan City,2026-04-09 21:35:13
儋州市,海南省,Danzhou,Hainan,19.18502,109.44311,Asia/Shanghai,1,Danzhou,Hainan,Baisha Li Autonomous County,2026-04-09 21:35:13
文昌市,海南省,Wenchang,Hainan,19.55158,110.80279,Asia/Shanghai,1,Wenchang,Hainan,Wenchang Shi,2026-04-09 21:35:15
海口市,海南省,Haikou,Hainan,20.03421,110.34651,Asia/Shanghai,1,Haikou,Hainan,Haikou Shi,2026-04-09 21:35:15
琼海市,海南省,Qionghai,Hainan,19.2425,110.46417,Asia/Shanghai,1,Qionghai,Hainan,Qionghai County,2026-04-09 21:35:17
丹江口市,湖北省,Danjiangkou,Hubei,32.54278,111.50861,Asia/Shanghai,1,Danjiangkou,Hubei,Shiyan Shi,2026-04-09 21:35:17
京山市,湖北省,Jingshan,Hubei,,,Asia/Shanghai,0,,,,2026-04-10 09:46:46
仙桃市,湖北省,Xiantao,Hubei,30.3708,113.44294,Asia/Shanghai,1,Sientaochen,Hubei,Tianmen,2026-04-09 21:35:24
利川市,湖北省,Lichuan,Hubei,30.3,108.85,Asia/Shanghai,1,Lichuan,Hubei,Enshi Tujia and Miao Autonomous Prefecture,2026-04-09 21:35:18
十堰市,湖北省,Shiyan,Hubei,32.6475,110.77806,Asia/Shanghai,1,Shiyan,Hubei,Shiyan Shi,2026-04-09 21:35:19
咸宁市,湖北省,Xianning,Hubei,29.84347,114.32201,Asia/Shanghai,1,Xianning,Hubei,Xianning Prefecture,2026-04-09 21:35:20
大冶市,湖北省,Daye,Hubei,30.08333,114.95,Asia/Shanghai,1,Daye,Hubei,Huangshi Shi,2026-04-09 21:35:20
天门市,湖北省,Tianmen,Hubei,30.65888,113.15369,Asia/Shanghai,1,Tianmen,Hubei,Tianmen,2026-04-09 21:35:23
孝感市,湖北省,Xiaogan,Hubei,30.92689,113.92221,Asia/Shanghai,1,Xiaogan,Hubei,Xiaogan,2026-04-09 21:35:22
安陆市,湖北省,Anlu,Hubei,31.16611,112.58306,Asia/Shanghai,1,Anlu,Hubei,Jingmen Shi,2026-04-09 21:35:25
宜城市,湖北省,Yicheng,Hubei,31.70472,112.25611,Asia/Shanghai,1,Yicheng,Hubei,Xiangyang,2026-04-09 21:35:25
宜昌市,湖北省,Yichang,Hubei,30.71444,111.28472,Asia/Shanghai,1,Yichang,Hubei,Yichangshi,2026-04-09 21:35:23
宜都市,湖北省,Yidu,Hubei,30.3925,111.45,Asia/Shanghai,1,Yidu,Hubei,Yichangshi,2026-04-09 21:35:23
广水市,湖北省,Guangshui,Hubei,31.6199,113.9978,Asia/Shanghai,1,Guangshui,Hubei,Suizhou Shi,2026-04-09 21:35:25
应城市,湖北省,Yingcheng,Hubei,30.36859,112.19944,Asia/Shanghai,1,Yingcheng,Hubei,Jingzhou Shi,2026-04-09 21:35:25
当阳市,湖北省,Dangyang,Hubei,30.82917,111.78861,Asia/Shanghai,1,Dangyang,Hubei,Yichangshi,2026-04-09 21:35:26
恩施市,湖北省,Enshi,Hubei,30.3,109.48333,Asia/Shanghai,1,Enshi,Hubei,Enshi Tujia and Miao Autonomous Prefecture,2026-04-09 21:35:28
松滋市,湖北省,Songzi,Hubei,30.17556,111.77222,Asia/Shanghai,1,Songzi,Hubei,Jingzhou Shi,2026-04-09 21:35:26
枝江市,湖北省,Zhijiang,Hubei,30.42139,111.75333,Asia/Shanghai,1,Chikiang,Hubei,Yichangshi,2026-04-09 21:35:39
枣阳市,湖北省,Zaoyang,Hubei,32.12722,112.75417,Asia/Shanghai,1,Zaoyang,Hubei,Xiangyang,2026-04-09 21:35:27
武汉市,湖北省,Wuhan,Hubei,30.58333,114.26667,Asia/Shanghai,1,Wuhan,Hubei,Wuhan Shi,2026-04-09 21:35:27
武穴市,湖北省,Wuxue,Hubei,29.85058,115.5525,Asia/Shanghai,1,Wuxue,Hubei,Huanggang Shi,2026-04-09 21:35:28
汉川市,湖北省,Hanchuan,Hubei,30.65,113.76667,Asia/Shanghai,1,Hanchuan,Hubei,Xiaogan,2026-04-09 21:35:28
洪湖市,湖北省,Honghu,Hubei,30.5,113.36667,Asia/Shanghai,1,Honghua,Hubei,Tianmen,2026-04-09 21:40:35
潜江市,湖北省,Qianjiang,Hubei,30.421,112.8919,Asia/Shanghai,1,Qianjiang,Hubei,Qianjiang,2026-04-09 21:35:29
石首市,湖北省,Shishou,Hubei,,,Asia/Shanghai,0,,,,2026-04-10 09:46:48
老河口市,湖北省,Laohekou,Hubei,32.38583,111.66778,Asia/Shanghai,1,Laohekou,Hubei,Xiangyang,2026-04-09 21:35:30
荆州市,湖北省,Jingzhou,Hubei,30.35028,112.19028,Asia/Shanghai,1,Jingzhou,Hubei,Jingzhou Shi,2026-04-09 21:35:30
荆门市,湖北省,Jingmen,Hubei,31.03361,112.20472,Asia/Shanghai,1,Jingmen,Hubei,Jingmen Shi,2026-04-09 21:35:34
襄阳市,湖北省,Xiangyang,Hubei,32.0422,112.14479,Asia/Shanghai,1,Xiangfan,Hubei,Xiangyang,2026-04-09 21:35:38
赤壁市,湖北省,Chibi,Hubei,29.87832,113.62506,Asia/Shanghai,1,Chibi,Hubei,Xianning Prefecture,2026-04-09 21:35:33
鄂州市,湖北省,Ezhou,Hubei,30.4,114.83333,Asia/Shanghai,1,Ezhou,Hubei,Huanggang Shi,2026-04-09 21:35:35
钟祥市,湖北省,Zhongxiang,Hubei,31.16611,112.58306,Asia/Shanghai,1,Anlu,Hubei,Jingmen Shi,2026-04-09 21:35:44
随州市,湖北省,Suizhou,Hubei,31.71111,113.36306,Asia/Shanghai,1,Suizhou,Hubei,Suizhou Shi,2026-04-09 21:35:36
麻城市,湖北省,Macheng,Hubei,31.18013,115.02213,Asia/Shanghai,1,Macheng,Hubei,Huanggang Shi,2026-04-09 21:35:37
黄冈市,湖北省,Huanggang,Hubei,30.45143,114.87035,Asia/Shanghai,1,Hwangchow,Hubei,Huanggang Shi,2026-04-09 21:35:50
黄石市,湖北省,Huangshi,Hubei,30.24706,115.04814,Asia/Shanghai,1,Huangshi,Hubei,Huangshi Shi,2026-04-09 21:40:31
临湘市,湖南省,Linxiang,Hunan,,,Asia/Shanghai,0,,,,2026-04-10 09:46:54
冷水江市,湖南省,Lengshuijiang,Hunan,27.68806,111.42944,Asia/Shanghai,1,Lengshuijiang,Hunan,Loudi District,2026-04-09 21:35:41
吉首市,湖南省,Jishou,Hunan,28.31925,109.73346,Asia/Shanghai,1,Jishou,Hunan,Xiangxi Tujia and Miao Autonomous Prefecture,2026-04-09 21:35:41
娄底市,湖南省,Loudi,Hunan,27.73444,111.99444,Asia/Shanghai,1,Loudi,Hunan,Loudi District,2026-04-09 21:35:42
宁乡市,湖南省,Ningxiang,Hunan,28.25831,112.56048,Asia/Shanghai,1,Yutan,Hunan,Changsha Shi,2026-04-09 21:40:37
岳阳市,湖南省,Yueyang,Hunan,29.37455,113.09481,Asia/Shanghai,1,Yueyang,Hunan,Yueyang Shi,2026-04-09 21:35:44
常宁市,湖南省,Changning,Hunan,26.38893,112.37925,Asia/Shanghai,1,Yiyang,Hunan,Hengyang Shi,2026-04-09 21:40:38
常德市,湖南省,Changde,Hunan,29.16741,111.70769,Asia/Shanghai,1,Changde,Hunan,Changde Shi,2026-04-09 21:35:46
张家界市,湖南省,Zhangjiajie,Hunan,29.12944,110.47833,Asia/Shanghai,1,Zhangjiajie,Hunan,Zhangjiajie Shi,2026-04-09 21:35:48
怀化市,湖南省,Huaihua,Hunan,27.56337,110.00404,Asia/Shanghai,1,Huaihua,Hunan,Huaihua Prefecture,2026-04-09 21:35:48
株洲市,湖南省,Zhuzhou,Hunan,27.77639,113.2057,Asia/Shanghai,1,Zhuzhou,Hunan,Zhuzhou Shi,2026-04-09 21:35:50
武冈市,湖南省,Wugang,Hunan,26.7279,110.63198,Asia/Shanghai,1,Wugang,Hunan,Shaoyang County,2026-04-09 21:35:50
永州市,湖南省,Yongzhou,Hunan,26.42389,111.61306,Asia/Shanghai,1,Yongzhou,Hunan,Yongzhou Shi,2026-04-09 21:35:54
汨罗市,湖南省,Miluo,Hunan,28.80798,113.06896,Asia/Shanghai,1,Miluo,Hunan,Yueyang Shi,2026-04-09 21:35:52
沅江市,湖南省,Yuanjiang,Hunan,27.91444,110.34778,Asia/Shanghai,1,Yuanjiang,Hunan,Huaihua Prefecture,2026-04-09 21:35:52
津市市,湖南省,Jinshi,Hunan,29.60487,111.87012,Asia/Shanghai,1,Jinshi,Hunan,Changde Shi,2026-04-09 21:35:52
洪江市,湖南省,Hongjiang,Hunan,27.11,109.99556,Asia/Shanghai,1,Hongjiang,Hunan,Huaihua Prefecture,2026-04-09 21:35:54
浏阳市,湖南省,Liuyang,Hunan,,,Asia/Shanghai,0,,,,2026-04-10 09:47:01
涟源市,湖南省,Lianyuan,Hunan,27.68833,111.66417,Asia/Shanghai,1,Lianyuan,Hunan,Loudi District,2026-04-09 21:35:54
湘乡市,湖南省,Xiangxiang,Hunan,27.73333,112.53333,Asia/Shanghai,1,Xiangxiang,Hunan,Xiangtan Shi,2026-04-09 21:35:55
湘潭市,湖南省,Xiangtan,Hunan,27.85,112.9,Asia/Shanghai,1,Xiangtan,Hunan,Xiangtan Shi,2026-04-09 21:35:58
益阳市,湖南省,Yiyang,Hunan,26.38893,112.37925,Asia/Shanghai,1,Yiyang,Hunan,Hengyang Shi,2026-04-09 21:35:56
耒阳市,湖南省,Leiyang,Hunan,26.40238,112.85908,Asia/Shanghai,1,Leiyang,Hunan,Hengyang Shi,2026-04-09 21:35:56
衡阳市,湖南省,Hengyang,Hunan,26.88946,112.61888,Asia/Shanghai,1,Hengyang,Hunan,Hengyang Shi,2026-04-09 21:35:56
资兴市,湖南省,Zixing,Hunan,26.00188,113.25379,Asia/Shanghai,1,Tangdong,Hunan,Prefecture of Chenzhou,2026-04-09 21:40:39
邵阳市,湖南省,Shaoyang,Hunan,27.23818,111.46214,Asia/Shanghai,1,Shaoyang,Hunan,Shaoyang County,2026-04-09 21:35:57
郴州市,湖南省,Chenzhou,Hunan,25.8,113.03333,Asia/Shanghai,1,Chenzhou,Hunan,Prefecture of Chenzhou,2026-04-09 21:35:58
醴陵市,湖南省,Liling,Hunan,25.71831,112.2958,Asia/Shanghai,1,Liling,Hunan,Prefecture of Chenzhou,2026-04-09 21:35:58
长沙市,湖南省,Changsha,Hunan,28.19874,112.97087,Asia/Shanghai,1,Changsha,Hunan,Changsha Shi,2026-04-09 21:35:59
韶山市,湖南省,Shaoshan,Hunan,27.91667,112.51667,Asia/Shanghai,1,Shaoshan,Hunan,Xiangtan Shi,2026-04-09 21:36:00
澳门,澳门特别行政区,Macau,Macau,,,Asia/Macau,0,,,,2026-04-10 09:46:57
临夏市,甘肃省,Linxia,Gansu,35.0455,104.01783,Asia/Shanghai,1,Linxia,Gansu,Dingxi Shi,2026-04-09 21:36:00
兰州市,甘肃省,Lanzhou,Gansu,36.05701,103.83987,Asia/Shanghai,1,Lanzhou,Gansu,Lanzhou Shi,2026-04-09 21:36:01
华亭市,甘肃省,Huating,Gansu,35.37601,105.28389,Asia/Shanghai,1,Huating,Gansu,Dingxi Shi,2026-04-09 21:36:02
合作市,甘肃省,Hezuo,Gansu,34.98556,102.90944,Asia/Shanghai,1,Hezuo,Gansu,Gannan Tibetan Autonomous Prefecture,2026-04-09 21:36:02
嘉峪关市,甘肃省,Jiayuguan,Gansu,39.81121,98.28618,Asia/Shanghai,1,Jiayuguan City,Gansu,Jiayuguan Shi,2026-04-09 21:36:10
天水市,甘肃省,Tianshui,Gansu,34.57952,105.74238,Asia/Shanghai,1,Tianshui,Gansu,Tianshui Shi,2026-04-09 21:36:03
定西市,甘肃省,Dingxi,Gansu,35.57088,104.62303,Asia/Shanghai,1,Dingxi,Gansu,Dingxi Shi,2026-04-09 21:36:03
平凉市,甘肃省,Pingliang,Gansu,35.53917,106.68611,Asia/Shanghai,1,Pingliang,Gansu,Pingliang Shi,2026-04-09 21:36:04
庆阳市,甘肃省,Qingyang,Gansu,35.70976,107.64455,Asia/Shanghai,1,Qingyang,Gansu,Qingyang,2026-04-09 21:36:07
张掖市,甘肃省,Zhangye,Gansu,38.93417,100.45167,Asia/Shanghai,1,Zhangye,Gansu,Zhangye Shi,2026-04-09 21:36:05
敦煌市,甘肃省,Dunhuang,Gansu,40.16667,94.68333,Asia/Shanghai,1,Dunhuang,Gansu,Jiuquan Shi,2026-04-09 21:36:05
武威市,甘肃省,Wuwei,Gansu,37.92672,102.63202,Asia/Shanghai,1,Wuwei,Gansu,Wuwei Shi,2026-04-09 21:36:05
玉门市,甘肃省,Yumen,Gansu,40.28333,97.2,Asia/Shanghai,1,Yumen,Gansu,Jiuquan Shi,2026-04-09 21:36:07
白银市,甘肃省,Baiyin,Gansu,36.54696,104.17023,Asia/Shanghai,1,Baiyin,Gansu,Baiyin Prefecture,2026-04-09 21:36:10
酒泉市,甘肃省,Jiuquan,Gansu,39.74318,98.51736,Asia/Shanghai,1,Jiuquan,Gansu,Jiuquan Shi,2026-04-09 21:38:06
金昌市,甘肃省,Jinchang,Gansu,38.50062,102.19379,Asia/Shanghai,1,Jinchang,Gansu,Jinchang Shi,2026-04-09 21:36:10
陇南市,甘肃省,Longnan,Gansu,33.39791,104.91703,Asia/Shanghai,1,Longnan,Gansu,Longnan Shi,2026-04-09 21:36:09
三明市,福建省,Sanming,Fujian,26.24861,117.61861,Asia/Shanghai,1,Sanming,Fujian,Sanming Shi,2026-04-09 21:36:09
南安市,福建省,Nan'an,Fujian,26.31134,118.87998,Asia/Shanghai,1,Nanan,Fujian,Fuzhou Shi,2026-04-09 21:40:40
南平市,福建省,Nanping,Fujian,26.645,118.17361,Asia/Shanghai,1,Nanping,Fujian,Nanping Shi,2026-04-09 21:36:11
厦门市,福建省,Xiamen,Fujian,24.47979,118.08187,Asia/Shanghai,1,Xiamen,Fujian,,2026-04-09 21:36:14
宁德市,福建省,Ningde,Fujian,26.66167,119.52278,Asia/Shanghai,1,Ningde,Fujian,Ningde Shi,2026-04-09 21:36:12
建瓯市,福建省,Jian'ou,Fujian,,,Asia/Shanghai,0,,,,2026-04-10 09:47:21
晋江市,福建省,Jinjiang,Fujian,24.81978,118.57415,Asia/Shanghai,1,Jinjiang,Fujian,Quanzhou Shi,2026-04-09 21:36:15
武夷山市,福建省,Wuyishan,Fujian,27.75995,118.03066,Asia/Shanghai,1,Wuyishan,Fujian,Nanping Shi,2026-04-09 21:36:14
永安市,福建省,Yong'an,Fujian,25.3,118.2167,Asia/Shanghai,1,Yong'an,Fujian,Quanzhou Shi,2026-04-09 21:36:16
泉州市,福建省,Quanzhou,Fujian,24.91389,118.58583,Asia/Shanghai,1,Quanzhou,Fujian,Quanzhou Shi,2026-04-09 21:36:16
漳州市,福建省,Zhangzhou,Fujian,24.51333,117.65556,Asia/Shanghai,1,Zhangzhou,Fujian,Zhangzhou Shi,2026-04-09 21:36:19
漳平市,福建省,Zhangping,Fujian,25.29513,117.41464,Asia/Shanghai,1,Zhangping,Fujian,Longyan Shi,2026-04-09 21:36:19
石狮市,福建省,Shishi,Fujian,24.74203,118.63638,Asia/Shanghai,1,Shishi,Fujian,Quanzhou Shi,2026-04-09 21:36:18
福安市,福建省,Fu'an,Fujian,25.5025,118.14302,Asia/Shanghai,1,Fuan,Fujian,Quanzhou Shi,2026-04-09 21:40:44
福州市,福建省,Fuzhou,Fujian,26.06139,119.30611,Asia/Shanghai,1,Fuzhou,Fujian,Fuzhou Shi,2026-04-09 21:36:20
福清市,福建省,Fuqing,Fujian,25.7294,119.37469,Asia/Shanghai,1,Fuqing,Fujian,Fuzhou Shi,2026-04-09 21:36:20
福鼎市,福建省,Fuding,Fujian,27.32734,120.21399,Asia/Shanghai,1,Fuding,Fujian,Ningde Shi,2026-04-09 21:36:24
莆田市,福建省,Putian,Fujian,25.43944,119.01028,Asia/Shanghai,1,Putian,Fujian,Putian Shi,2026-04-09 21:36:24
邵武市,福建省,Shaowu,Fujian,27.34089,117.4831,Asia/Shanghai,1,Shaowu,Fujian,Nanping Shi,2026-04-09 21:36:24
龙岩市,福建省,Longyan,Fujian,25.07485,117.01775,Asia/Shanghai,1,Longyan,Fujian,Longyan Shi,2026-04-09 21:36:22
龙海市,福建省,Longhai,Fujian,,,Asia/Shanghai,0,,,,2026-04-10 09:47:22
山南市,西藏自治区,Shannan,Tibet,,,Asia/Shanghai,0,,,,2026-04-10 09:47:22
拉萨市,西藏自治区,Lhasa,Tibet,29.65,91.1,Asia/Shanghai,1,Lhasa,Tibet,Lhasa Shi,2026-04-09 21:36:27
日喀则市,西藏自治区,Xigazê,Tibet,29.25,88.88333,Asia/Shanghai,1,Xigazê,Tibet,Rikaze Diqu,2026-04-09 21:36:26
昌都市,西藏自治区,Qamdo,Tibet,31.1304,97.17982,Asia/Shanghai,1,Chamdo,Tibet,Chamdo City,2026-04-09 21:36:33
林芝市,西藏自治区,Nyingchi,Tibet,29.56084,94.47055,Asia/Shanghai,1,Nyingchi Heliport,Tibet,Nyingchi Prefecture,2026-04-09 21:36:34
那曲市,西藏自治区,Nagqu,Tibet,31.403,92.003,Asia/Shanghai,1,Nagqu,Tibet,Nagqu Shi,2026-04-09 21:36:29
仁怀市,贵州省,Renhuai,Guizhou,27.7914,106.40104,Asia/Shanghai,1,Renhuai,Guizhou,Zunyi Shi,2026-04-09 21:36:31
六盘水市,贵州省,Liupanshui,Guizhou,26.59444,104.83333,Asia/Shanghai,1,Liupanshui,Guizhou,Liupanshui City,2026-04-09 21:36:31
兴义市,贵州省,Xingyi,Guizhou,25.09617,104.90639,Asia/Shanghai,1,Xingyi,Guizhou,Qianxinan Buyei and Miao Autonomous Prefecture,2026-04-09 21:36:32
兴仁市,贵州省,Xingren,Guizhou,25.43333,105.23333,Asia/Shanghai,1,Xingren,Guizhou,Qianxinan Buyei and Miao Autonomous Prefecture,2026-04-09 21:36:32
凯里市,贵州省,Kaili,Guizhou,26.58583,107.97972,Asia/Shanghai,1,Kaili,Guizhou,Qiandongnan Miao and Dong Autonomous Prefecture,2026-04-09 21:36:33
安顺市,贵州省,Anshun,Guizhou,26.25,105.93333,Asia/Shanghai,1,Anshun,Guizhou,Anshun Shi,2026-04-09 21:36:34
毕节市,贵州省,Bijie,Guizhou,27.30193,105.28627,Asia/Shanghai,1,Bijie,Guizhou,Bijie Diqu,2026-04-09 21:36:34
清镇市,贵州省,Qingzhen,Guizhou,26.55,106.46667,Asia/Shanghai,1,Qingzhen,Guizhou,Guiyang Shi,2026-04-09 21:36:34
盘州市,贵州省,Panzhou,Guizhou,,,Asia/Shanghai,0,,,,2026-04-10 09:47:30
福泉市,贵州省,Fuquan,Guizhou,26.7,107.55,Asia/Shanghai,1,Fuquan,Guizhou,Qiannan Buyei and Miao Autonomous Prefecture,2026-04-09 21:36:35
贵阳市,贵州省,Guiyang,Guizhou,26.58333,106.71667,Asia/Shanghai,1,Guiyang,Guizhou,Guiyang Shi,2026-04-09 21:36:36
赤水市,贵州省,Chishui,Guizhou,28.57222,105.70667,Asia/Shanghai,1,Chishui,Guizhou,Zunyi Shi,2026-04-09 21:36:36
遵义市,贵州省,Zunyi,Guizhou,27.68667,106.90722,Asia/Shanghai,1,Zunyi,Guizhou,Zunyi Shi,2026-04-09 21:36:36
都匀市,贵州省,Duyun,Guizhou,26.26667,107.51667,Asia/Shanghai,1,Duyun,Guizhou,Qiannan Buyei and Miao Autonomous Prefecture,2026-04-09 21:36:39
铜仁市,贵州省,Tongren,Guizhou,27.71722,109.18528,Asia/Shanghai,1,Tongren,Guizhou,Tongren Diqu,2026-04-09 21:36:37
东港市,辽宁省,Donggang,Liaoning,,,Asia/Shanghai,0,,,,2026-04-10 09:47:33
丹东市,辽宁省,Dandong,Liaoning,40.12917,124.39472,Asia/Shanghai,1,Dandong,Liaoning,Dandong Shi,2026-04-09 21:36:38
兴城市,辽宁省,Xingcheng,Liaoning,40.61667,120.71667,Asia/Shanghai,1,Xingcheng,Liaoning,Huludao Shi,2026-04-09 21:36:39
凌海市,辽宁省,Linghai,Liaoning,41.16528,121.36667,Asia/Shanghai,1,Linghai,Liaoning,Jinzhou Shi,2026-04-09 21:36:40
凌源市,辽宁省,Lingyuan,Liaoning,41.24,119.40111,Asia/Shanghai,1,Lingyuan,Liaoning,Chaoyang Shi,2026-04-09 21:36:40
凤城市,辽宁省,Fengcheng,Liaoning,40.45361,124.07167,Asia/Shanghai,1,Fengcheng,Liaoning,Dandong Shi,2026-04-09 21:36:41
北票市,辽宁省,Beipiao,Liaoning,41.79194,120.77917,Asia/Shanghai,1,Beipiao,Liaoning,Chaoyang Shi,2026-04-09 21:36:41
北镇市,辽宁省,Beizhen,Liaoning,41.59584,121.79664,Asia/Shanghai,1,Beizhen,Liaoning,Jinzhou Shi,2026-04-09 21:36:47
大石桥市,辽宁省,Dashiqiao,Liaoning,40.63732,122.50251,Asia/Shanghai,1,Dashiqiao,Liaoning,Yingkou,2026-04-09 21:36:42
大连市,辽宁省,Dalian,Liaoning,38.91222,121.60222,Asia/Shanghai,1,Dalian,Liaoning,Dalian Shi,2026-04-09 21:36:42
庄河市,辽宁省,Zhuanghe,Liaoning,41.38922,122.94671,Asia/Shanghai,1,Zhuanghe,Liaoning,Liaoyang Shi,2026-04-09 21:36:50
开原市,辽宁省,Kaiyuan,Liaoning,42.53306,124.04028,Asia/Shanghai,1,Kaiyuan,Liaoning,Tieling Shi,2026-04-09 21:36:43
抚顺市,辽宁省,Fushun,Liaoning,41.88669,123.94363,Asia/Shanghai,1,Fushun,Liaoning,Fushun Shi,2026-04-09 21:36:44
新民市,辽宁省,Xinmin,Liaoning,41.99083,122.82528,Asia/Shanghai,1,Xinmin,Liaoning,Shenyang Shi,2026-04-09 21:36:45
朝阳市,辽宁省,Chaoyang,Liaoning,41.57028,120.45861,Asia/Shanghai,1,Chaoyang,Liaoning,Chaoyang Shi,2026-04-09 21:36:45
本溪市,辽宁省,Benxi,Liaoning,41.28861,123.765,Asia/Shanghai,1,Benxi,Liaoning,Benxi Shi,2026-04-09 21:36:46
沈阳市,辽宁省,Shenyang,Liaoning,41.79222,123.43278,Asia/Shanghai,1,Shenyang,Liaoning,Shenyang Shi,2026-04-09 21:36:46
海城市,辽宁省,Haicheng,Liaoning,40.85158,122.74754,Asia/Shanghai,1,Haicheng,Liaoning,Anshan Shi,2026-04-09 21:36:47
灯塔市,辽宁省,Dengta,Liaoning,,,Asia/Shanghai,0,,,,2026-04-10 09:47:38
瓦房店市,辽宁省,Wafangdian,Liaoning,39.61833,122.00806,Asia/Shanghai,1,Wafangdian,Liaoning,Dalian Shi,2026-04-09 21:36:48
盖州市,辽宁省,Gaizhou,Liaoning,40.39417,122.36861,Asia/Shanghai,1,Gaizhou,Liaoning,Yingkou,2026-04-09 21:36:49
盘锦市,辽宁省,Panjin,Liaoning,41.121,122.0739,Asia/Shanghai,1,Panjin,Liaoning,Panjin Shi,2026-04-09 21:36:49
营口市,辽宁省,Yingkou,Liaoning,40.66472,122.23176,Asia/Shanghai,1,Yingkou,Liaoning,Yingkou,2026-04-09 21:36:48
葫芦岛市,辽宁省,Huludao,Liaoning,40.75243,120.83552,Asia/Shanghai,1,Huludao,Liaoning,Huludao Shi,2026-04-09 21:36:51
调兵山市,辽宁省,Diaobingshan,Liaoning,42.46456,123.54804,Asia/Shanghai,1,Diaobingshancun,Liaoning,Shenyang Shi,2026-04-09 21:36:57
辽阳市,辽宁省,Liaoyang,Liaoning,41.27194,123.17306,Asia/Shanghai,1,Liaoyang,Liaoning,Liaoyang Shi,2026-04-09 21:36:50
铁岭市,辽宁省,Tieling,Liaoning,42.29306,123.84139,Asia/Shanghai,1,Tieling,Liaoning,Tieling Shi,2026-04-09 21:36:50
锦州市,辽宁省,Jinzhou,Liaoning,41.10778,121.14167,Asia/Shanghai,1,Jinzhou,Liaoning,Jinzhou Shi,2026-04-09 21:36:52
阜新市,辽宁省,Fuxin,Liaoning,42.01556,121.65889,Asia/Shanghai,1,Fuxin,Liaoning,Fuxin Shi,2026-04-09 21:36:54
鞍山市,辽宁省,Anshan,Liaoning,41.12361,122.99,Asia/Shanghai,1,Anshan,Liaoning,Anshan Shi,2026-04-09 21:36:52
重庆市,重庆市,Chongqing,Chongqing,29.56026,106.55771,Asia/Shanghai,1,Chongqing,Chongqing,Chongqing,2026-04-09 21:36:52
兴平市,陕西省,Xingping,Shaanxi,33.56142,108.72769,Asia/Shanghai,1,Xingping,Shaanxi,Ankang Shi,2026-04-09 21:36:54
华阴市,陕西省,Huayin,Shaanxi,34.56528,110.06639,Asia/Shanghai,1,Huayin,Shaanxi,weinan shi,2026-04-09 21:36:54
咸阳市,陕西省,Xianyang,Shaanxi,34.33778,108.70261,Asia/Shanghai,1,Xianyang,Shaanxi,Xianyang Shi,2026-04-09 21:36:54
商洛市,陕西省,Shangluo,Shaanxi,33.86667,109.93056,Asia/Shanghai,1,Shangluo,Shaanxi,Shangluo Shi,2026-04-09 21:36:56
安康市,陕西省,Ankang,Shaanxi,32.68,109.01722,Asia/Shanghai,1,Ankang,Shaanxi,Ankang Shi,2026-04-09 21:36:56
宝鸡市,陕西省,Baoji,Shaanxi,34.36775,107.23705,Asia/Shanghai,1,Baoji,Shaanxi,Baoji,2026-04-09 21:36:58
延安市,陕西省,Yan'an,Shaanxi,36.47631,109.46537,Asia/Shanghai,1,Yan'an Nanniwan Airport,Shaanxi,Yan'an City,2026-04-09 21:37:03
彬州市,陕西省,Binzhou,Shaanxi,,,Asia/Shanghai,0,,,,2026-04-10 09:47:54
榆林市,陕西省,Yulin,Shaanxi,,,Asia/Shanghai,0,,,,2026-04-10 09:47:54
汉中市,陕西省,Hanzhong,Shaanxi,33.07507,107.02214,Asia/Shanghai,1,Hanzhong,Shaanxi,hanzhong shi,2026-04-09 21:36:59
渭南市,陕西省,Weinan,Shaanxi,34.50355,109.50891,Asia/Shanghai,1,Weinan,Shaanxi,weinan shi,2026-04-09 21:37:00
神木市,陕西省,Shenmu,Shaanxi,38.82444,110.48306,Asia/Shanghai,1,Shenmu,Shaanxi,Yulin Shi,2026-04-09 21:37:00
西安市,陕西省,Xi'an,Shaanxi,34.25833,108.92861,Asia/Shanghai,1,Xi'an,Shaanxi,Xi’an Shi,2026-04-09 21:37:01
铜川市,陕西省,Tongchuan,Shaanxi,34.8988,108.95056,Asia/Shanghai,1,Tongchuan,Shaanxi,Tongchuan Shi,2026-04-09 21:37:01
韩城市,陕西省,Hancheng,Shaanxi,35.46028,110.42917,Asia/Shanghai,1,Hancheng,Shaanxi,weinan shi,2026-04-09 21:37:02
德令哈市,青海省,Delingha,Qinghai,37.376,97.37457,Asia/Shanghai,1,Delhi,Qinghai,Haixi,2026-04-09 21:37:11
格尔木市,青海省,Golmud,Qinghai,36.40672,94.90061,Asia/Shanghai,1,Golmud,Qinghai,Haixi,2026-04-09 21:37:03
海东市,青海省,Haidong,Qinghai,36.48,102.41639,Asia/Shanghai,1,Nianbo,Qinghai,Haidong Diqu,2026-04-09 21:37:09
玉树市,青海省,Yushu,Qinghai,,,Asia/Shanghai,0,,,,2026-04-10 09:47:52
茫崖市,青海省,Mangnai,Qinghai,37.86483,91.76262,Asia/Shanghai,1,Lao Mangnai,Qinghai,Haixi,2026-04-09 21:37:10
西宁市,青海省,Xining,Qinghai,36.62554,101.75739,Asia/Shanghai,1,Xining,Qinghai,Xining Shi,2026-04-09 21:37:08
香港,香港特别行政区,Hong Kong,Hong Kong,,,Asia/Hong_Kong,0,,,,2026-04-10 09:47:57
七台河市,黑龙江省,Qitaihe,Heilongjiang,45.768,130.9953,Asia/Shanghai,1,Qitaihe,Heilongjiang,Qitaihe Shi,2026-04-09 21:37:10
东宁市,黑龙江省,Dongning,Heilongjiang,44.08436,131.11841,Asia/Shanghai,1,Dongning,Heilongjiang,Mudanjiang Shi,2026-04-09 21:37:11
五大连池市,黑龙江省,Wudalianchi,Heilongjiang,48.51431,126.19874,Asia/Shanghai,1,Wudalianchi,Heilongjiang,Heihe,2026-04-09 21:37:12
五常市,黑龙江省,Wuchang,Heilongjiang,44.92754,127.16039,Asia/Shanghai,1,Wuchang,Heilongjiang,Harbin Shi,2026-04-09 21:37:15
伊春市,黑龙江省,Yichun,Heilongjiang,47.72143,128.87529,Asia/Shanghai,1,Yichun,Heilongjiang,Yichun Shi,2026-04-09 21:37:12
佳木斯市,黑龙江省,Jiamusi,Heilongjiang,46.79711,130.31117,Asia/Shanghai,1,Jiamusi,Heilongjiang,Jiamusi Shi,2026-04-09 21:37:13
北安市,黑龙江省,Bei'an,Heilongjiang,48.23712,126.48484,Asia/Shanghai,1,Bei’an,Heilongjiang,,2026-04-09 21:40:52
双鸭山市,黑龙江省,Shuangyashan,Heilongjiang,46.67686,131.13274,Asia/Shanghai,1,Shuangyashan,Heilongjiang,Shuangyashan Shi,2026-04-09 21:37:15
同江市,黑龙江省,Tongjiang,Heilongjiang,46.65178,126.44979,Asia/Shanghai,1,Tongjiang,Heilongjiang,Suihua Shi,2026-04-09 21:37:14
哈尔滨市,黑龙江省,Harbin,Heilongjiang,45.75,126.65,Asia/Shanghai,1,Harbin,Heilongjiang,Harbin Shi,2026-04-09 21:37:16
大庆市,黑龙江省,Daqing,Heilongjiang,46.58333,125.0,Asia/Shanghai,1,Daqing,Heilongjiang,Daqing Shi,2026-04-09 21:37:17
宁安市,黑龙江省,Ning'an,Heilongjiang,,,Asia/Shanghai,0,,,,2026-04-10 09:48:03
安达市,黑龙江省,Anda,Heilongjiang,46.44867,125.30161,Asia/Shanghai,1,Anda,Heilongjiang,Suihua Shi,2026-04-09 21:37:16
密山市,黑龙江省,Mishan,Heilongjiang,45.55,131.88333,Asia/Shanghai,1,Mishan,Heilongjiang,Jixi Shi,2026-04-09 21:37:17
富锦市,黑龙江省,Fujin,Heilongjiang,47.24723,132.02957,Asia/Shanghai,1,Fujin,Heilongjiang,Jiamusi Shi,2026-04-09 21:37:17
尚志市,黑龙江省,Shangzhi,Heilongjiang,45.20562,128.00243,Asia/Shanghai,1,Shangzhi,Heilongjiang,Harbin Shi,2026-04-09 21:37:18
抚远市,黑龙江省,Fuyuan,Heilongjiang,48.36346,134.29843,Asia/Shanghai,1,Fuyuan,Heilongjiang,Jiamusi Shi,2026-04-09 21:37:19
海伦市,黑龙江省,Hailun,Heilongjiang,47.44663,126.92475,Asia/Shanghai,1,Hailun,Heilongjiang,Suihua Shi,2026-04-09 21:37:21
海林市,黑龙江省,Hailin,Heilongjiang,44.57149,129.38539,Asia/Shanghai,1,Hailin,Heilongjiang,Mudanjiang Shi,2026-04-09 21:37:19
漠河市,黑龙江省,Mohe,Heilongjiang,52.97103,122.52626,Asia/Shanghai,1,Mohe,Heilongjiang,Daxing'anling Prefecture,2026-04-09 21:37:20
牡丹江市,黑龙江省,Mudanjiang,Heilongjiang,44.54804,129.62595,Asia/Shanghai,1,Mudanjiang,Heilongjiang,Mudanjiang Shi,2026-04-09 21:37:22
穆棱市,黑龙江省,Muling,Heilongjiang,44.91647,130.51707,Asia/Shanghai,1,Muling,Heilongjiang,Mudanjiang Shi,2026-04-09 21:37:25
绥化市,黑龙江省,Suihua,Heilongjiang,46.64814,126.96656,Asia/Shanghai,1,Suihua,Heilongjiang,Suihua Shi,2026-04-09 21:37:22
绥芬河市,黑龙江省,Suifenhe,Heilongjiang,44.39982,131.14775,Asia/Shanghai,1,Suifenhe,Heilongjiang,,2026-04-09 21:37:22
肇东市,黑龙江省,Zhaodong,Heilongjiang,46.05223,125.9552,Asia/Shanghai,1,Zhaodong,Heilongjiang,Suihua Shi,2026-04-09 21:37:23
虎林市,黑龙江省,Hulin,Heilongjiang,45.76861,132.99222,Asia/Shanghai,1,Hulin,Heilongjiang,Jixi Shi,2026-04-09 21:37:23
讷河市,黑龙江省,Nehe,Heilongjiang,48.4793,124.87016,Asia/Shanghai,1,Nehe,Heilongjiang,Qiqihar Shi,2026-04-09 21:37:24
铁力市,黑龙江省,Tieli,Heilongjiang,46.97544,128.04803,Asia/Shanghai,1,Tieli,Heilongjiang,Yichun Shi,2026-04-09 21:37:24
鸡西市,黑龙江省,Jixi,Heilongjiang,45.29322,130.96217,Asia/Shanghai,1,Jixi,Heilongjiang,Jixi Shi,2026-04-09 21:37:25
鹤岗市,黑龙江省,Hegang,Heilongjiang,47.34727,130.29033,Asia/Shanghai,1,Hegang,Heilongjiang,Hegang Shi,2026-04-09 21:37:25
黑河市,黑龙江省,Heihe,Heilongjiang,50.24413,127.49016,Asia/Shanghai,1,Heihe,Heilongjiang,Heihe,2026-04-09 21:37:26
齐齐哈尔市,黑龙江省,Qiqihar,Heilongjiang,47.33922,123.96154,Asia/Shanghai,1,Qiqihar,Heilongjiang,Qiqihar Shi,2026-04-09 21:37:26
